Longitude (x),Latitude (y),Station Name,Climate ID,Date/Time (LST),Year,Month,Day,Time (LST),Temp (°C),Dew Point Temp (°C),Rel Hum (%),Precip. Amount (mm),Precip. Amount Flag,Wind Dir (10s deg),Wind Dir Flag,Wind Spd (km/h),Stn Press (kPa),Weather
-106.72,52.17,SASKATOON RCS,4057165,2020-06-17 11:00,2020,6,17,11:00,14.5,12.3,86,0,,36,,26,95.05,NA
-106.72,52.17,SASKATOON RCS,4057165,2020-06-17 12:00,2020,6,17,12:00,16.2,14,87,0,,1,,30,95.05,NA
-106.72,52.17,SASKATOON RCS,4057165,2020-06-17 13:00,2020,6,17,13:00,15.3,12.4,83,0,,36,,26,95.08,NA
-106.72,52.17,SASKATOON RCS,4057165,2020-06-17 14:00,2020,6,17,14:00,14.6,11.5,82,0,,1,,24,95.16,NA
-106.72,52.17,SASKATOON RCS,4057165,2020-06-17 15:00,2020,6,17,15:00,13.5,10.7,83,0,,1,,27,95.19,NA
-106.72,52.17,SASKATOON RCS,4057165,2020-06-17 16:00,2020,6,17,16:00,13.3,10.2,81,0,,2,,29,95.27,NA
-106.72,52.17,SASKATOON RCS,4057165,2020-06-17 17:00,2020,6,17,17:00,11.9,9.1,83,0,,1,,31,95.27,NA
-106.72,52.17,SASKATOON RCS,4057165,2020-06-17 18:00,2020,6,17,18:00,11.6,8.7,83,0,,2,,27,95.34,NA
-106.72,52.17,SASKATOON RCS,4057165,2020-06-17 19:00,2020,6,17,19:00,10.9,8.3,84,0,,3,,29,95.39,NA
-106.72,52.17,SASKATOON RCS,4057165,2020-06-17 20:00,2020,6,17,20:00,9.7,8.3,91,0,,2,,24,95.47,NA
-106.72,52.17,SASKATOON RCS,4057165,2020-06-17 21:00,2020,6,17,21:00,8.9,7.4,90,0.3,,2,,26,95.52,NA
-106.72,52.17,SASKATOON RCS,4057165,2020-06-17 22:00,2020,6,17,22:00,8.4,7.2,92,1,,2,,26,95.56,NA
-106.72,52.17,SASKATOON RCS,4057165,2020-06-17 23:00,2020,6,17,23:00,8.1,6.8,92,0.3,,2,,24,95.57,NA
-106.72,52.17,SASKATOON RCS,4057165,2020-06-18 0:00,2020,6,18,0:00,8,6.7,92,0.5,,1,,24,95.59,NA
-106.72,52.17,SASKATOON RCS,4057165,2020-06-18 1:00,2020,6,18,1:00,7.7,6.5,92,0.9,,1,,23,95.64,NA
-106.72,52.17,SASKATOON RCS,4057165,2020-06-18 2:00,2020,6,18,2:00,7.5,6.5,93,0.6,,1,,23,95.66,NA
-106.72,52.17,SASKATOON RCS,4057165,2020-06-18 3:00,2020,6,18,3:00,7.5,6,90,0,,1,,25,95.67,NA
-106.72,52.17,SASKATOON RCS,4057165,2020-06-18 4:00,2020,6,18,4:00,7.4,5.8,90,0,,1,,25,95.7,NA
-106.72,52.17,SASKATOON RCS,4057165,2020-06-18 5:00,2020,6,18,5:00,7.3,5.8,90,0,,36,,22,95.71,NA
-106.72,52.17,SASKATOON RCS,4057165,2020-06-18 6:00,2020,6,18,6:00,7.7,5.4,85,0,,36,,17,95.74,NA
-106.72,52.17,SASKATOON RCS,4057165,2020-06-18 7:00,2020,6,18,7:00,8.3,5.7,84,0,,35,,23,95.74,NA
-106.72,52.17,SASKATOON RCS,4057165,2020-06-18 8:00,2020,6,18,8:00,8.5,5.2,80,0,,35,,25,95.77,NA
-106.72,52.17,SASKATOON RCS,4057165,2020-06-18 9:00,2020,6,18,9:00,8.9,5.5,79,0,,35,,24,95.78,NA
-106.72,52.17,SASKATOON RCS,4057165,2020-06-18 10:00,2020,6,18,10:00,9.8,4.6,70,0,,35,,25,95.8,NA
-106.72,52.17,SASKATOON RCS,4057165,2020-06-18 11:00,2020,6,18,11:00,11.7,5,63,0,,36,,25,95.79,NA
-106.72,52.17,SASKATOON RCS,4057165,2020-06-18 12:00,2020,6,18,12:00,13.1,4.9,57,0,,35,,25,95.74,NA
-106.72,52.17,SASKATOON RCS,4057165,2020-06-18 13:00,2020,6,18,13:00,14.2,4.6,52,0,,35,,27,95.72,NA
-106.72,52.17,SASKATOON RCS,4057165,2020-06-18 14:00,2020,6,18,14:00,15.3,5,50,0,,35,,25,95.72,NA
-106.72,52.17,SASKATOON RCS,4057165,2020-06-18 15:00,2020,6,18,15:00,15.9,4,45,0,,35,,24,95.7,NA
-106.72,52.17,SASKATOON RCS,4057165,2020-06-18 16:00,2020,6,18,16:00,16.1,3.5,43,0,,36,,24,95.68,NA
-106.72,52.17,SASKATOON RCS,4057165,2020-06-18 17:00,2020,6,18,17:00,16,2.2,39,0,,35,,24,95.67,NA
-106.72,52.17,SASKATOON RCS,4057165,2020-06-18 18:00,2020,6,18,18:00,16.5,2,38,0,,34,,22,95.63,NA
-106.72,52.17,SASKATOON RCS,4057165,2020-06-18 19:00,2020,6,18,19:00,15,2.2,42,0,,34,,21,95.63,NA
-106.72,52.17,SASKATOON RCS,4057165,2020-06-18 20:00,2020,6,18,20:00,13.6,3.7,51,0,,8,,16,95.63,NA
-106.72,52.17,SASKATOON RCS,4057165,2020-06-18 21:00,2020,6,18,21:00,11,4.1,62,0,,8,,11,95.64,NA
-106.72,52.17,SASKATOON RCS,4057165,2020-06-18 22:00,2020,6,18,22:00,9.4,3.7,67,0,,11,,9,95.64,NA
-106.72,52.17,SASKATOON RCS,4057165,2020-06-18 23:00,2020,6,18,23:00,8.7,4,72,0,,11,,8,95.63,NA
-106.72,52.17,SASKATOON RCS,4057165,2020-06-19 0:00,2020,6,19,0:00,8.3,4.7,78,0,,6,,9,95.64,NA
-106.72,52.17,SASKATOON RCS,4057165,2020-06-19 1:00,2020,6,19,1:00,8.8,3.7,71,0,,3,,21,95.66,NA
-106.72,52.17,SASKATOON RCS,4057165,2020-06-19 2:00,2020,6,19,2:00,7.8,3.9,76,0,,5,,7,95.61,NA
-106.72,52.17,SASKATOON RCS,4057165,2020-06-19 3:00,2020,6,19,3:00,7.4,4.1,79,0,,10,,6,95.55,NA
-106.72,52.17,SASKATOON RCS,4057165,2020-06-19 4:00,2020,6,19,4:00,7.9,3.8,76,0,,10,,12,95.46,NA
-106.72,52.17,SASKATOON RCS,4057165,2020-06-19 5:00,2020,6,19,5:00,7.5,3.7,77,0,,18,,8,95.4,NA
-106.72,52.17,SASKATOON RCS,4057165,2020-06-19 6:00,2020,6,19,6:00,7.9,3.6,75,0,,13,,8,95.42,NA
-106.72,52.17,SASKATOON RCS,4057165,2020-06-19 7:00,2020,6,19,7:00,9.1,3.9,70,0,,21,,11,95.38,NA
-106.72,52.17,SASKATOON RCS,4057165,2020-06-19 8:00,2020,6,19,8:00,9.5,4.6,71,0,,24,,18,95.35,NA
-106.72,52.17,SASKATOON RCS,4057165,2020-06-19 9:00,2020,6,19,9:00,11.5,6,69,0,,21,,21,95.29,NA
-106.72,52.17,SASKATOON RCS,4057165,2020-06-19 10:00,2020,6,19,10:00,12.1,5.5,64,0,,23,,21,95.24,NA
-106.72,52.17,SASKATOON RCS,4057165,2020-06-19 11:00,2020,6,19,11:00,14.6,5.2,53,0,,30,,19,95.18,NA
-106.72,52.17,SASKATOON RCS,4057165,2020-06-19 12:00,2020,6,19,12:00,15,5.2,52,0,,34,,28,95.23,NA
-106.72,52.17,SASKATOON RCS,4057165,2020-06-19 13:00,2020,6,19,13:00,13.9,1.7,44,0,,34,,30,95.17,NA
-106.72,52.17,SASKATOON RCS,4057165,2020-06-19 14:00,2020,6,19,14:00,14.1,2.6,46,0,,36,,24,95.19,NA
-106.72,52.17,SASKATOON RCS,4057165,2020-06-19 15:00,2020,6,19,15:00,12.7,4.9,59,0,,1,,29,95.22,NA
-106.72,52.17,SASKATOON RCS,4057165,2020-06-19 16:00,2020,6,19,16:00,11.4,4.5,62,0,,35,,30,95.24,NA
-106.72,52.17,SASKATOON RCS,4057165,2020-06-19 17:00,2020,6,19,17:00,12.7,5.4,61,0,,34,,31,95.24,NA
-106.72,52.17,SASKATOON RCS,4057165,2020-06-19 18:00,2020,6,19,18:00,12.1,4.3,59,0,,31,,29,95.24,NA
-106.72,52.17,SASKATOON RCS,4057165,2020-06-19 19:00,2020,6,19,19:00,10.6,4.9,68,0,,33,,20,95.23,NA
-106.72,52.17,SASKATOON RCS,4057165,2020-06-19 20:00,2020,6,19,20:00,10.8,4.2,64,0,,32,,16,95.22,NA
-106.72,52.17,SASKATOON RCS,4057165,2020-06-19 21:00,2020,6,19,21:00,9,4.4,73,0,,32,,8,95.21,NA
-106.72,52.17,SASKATOON RCS,4057165,2020-06-19 22:00,2020,6,19,22:00,9.4,4.8,73,0,,29,,7,95.21,NA
-106.72,52.17,SASKATOON RCS,4057165,2020-06-19 23:00,2020,6,19,23:00,8.9,5.3,78,0,,36,,12,95.2,NA
-106.72,52.17,SASKATOON RCS,4057165,2020-06-20 0:00,2020,6,20,0:00,8.3,5.6,83,0,,35,,9,95.21,NA
-106.72,52.17,SASKATOON RCS,4057165,2020-06-20 1:00,2020,6,20,1:00,7.8,5.4,85,0,,35,,9,95.19,NA
-106.72,52.17,SASKATOON RCS,4057165,2020-06-20 2:00,2020,6,20,2:00,7.4,4.8,83,0,,34,,13,95.2,NA
-106.72,52.17,SASKATOON RCS,4057165,2020-06-20 3:00,2020,6,20,3:00,6.8,4.5,85,0,,36,,12,95.23,NA
-106.72,52.17,SASKATOON RCS,4057165,2020-06-20 4:00,2020,6,20,4:00,6.7,5,89,0,,1,,12,95.21,NA
-106.72,52.17,SASKATOON RCS,4057165,2020-06-20 5:00,2020,6,20,5:00,6.6,4.8,88,0,,36,,9,95.24,NA
-106.72,52.17,SASKATOON RCS,4057165,2020-06-20 6:00,2020,6,20,6:00,6.9,5.1,88,0,,34,,9,95.25,NA
-106.72,52.17,SASKATOON RCS,4057165,2020-06-20 7:00,2020,6,20,7:00,7.5,4.5,81,0,,36,,10,95.23,NA
-106.72,52.17,SASKATOON RCS,4057165,2020-06-20 8:00,2020,6,20,8:00,8.1,4.2,76,0,,36,,9,95.26,NA
-106.72,52.17,SASKATOON RCS,4057165,2020-06-20 9:00,2020,6,20,9:00,8.7,4.6,75,0,,36,,7,95.28,NA
-106.72,52.17,SASKATOON RCS,4057165,2020-06-20 10:00,2020,6,20,10:00,9.4,4.8,73,0,,3,,8,95.29,NA
-106.72,52.17,SASKATOON RCS,4057165,2020-06-20 11:00,2020,6,20,11:00,10.2,4.9,70,0,,7,,7,95.28,NA
-106.72,52.17,SASKATOON RCS,4057165,2020-06-20 12:00,2020,6,20,12:00,11.7,5.1,64,0,,29,,6,95.25,NA
-106.72,52.17,SASKATOON RCS,4057165,2020-06-20 13:00,2020,6,20,13:00,12.1,5.3,63,0,,3,,7,95.27,NA
-106.72,52.17,SASKATOON RCS,4057165,2020-06-20 14:00,2020,6,20,14:00,12.9,5.7,61,0,,7,,17,95.25,NA
-106.72,52.17,SASKATOON RCS,4057165,2020-06-20 15:00,2020,6,20,15:00,14.3,6.5,60,0,,7,,12,95.22,NA
-106.72,52.17,SASKATOON RCS,4057165,2020-06-20 16:00,2020,6,20,16:00,15.1,6.5,56,0,,6,,16,95.19,NA
-106.72,52.17,SASKATOON RCS,4057165,2020-06-20 17:00,2020,6,20,17:00,14.9,5.7,54,0,,6,,16,95.18,NA
-106.72,52.17,SASKATOON RCS,4057165,2020-06-20 18:00,2020,6,20,18:00,14.6,5.7,55,0,,7,,19,95.16,NA
-106.72,52.17,SASKATOON RCS,4057165,2020-06-20 19:00,2020,6,20,19:00,14,5.4,56,0,,5,,17,95.15,NA
-106.72,52.17,SASKATOON RCS,4057165,2020-06-20 20:00,2020,6,20,20:00,12.6,5,60,0,,7,,18,95.17,NA
-106.72,52.17,SASKATOON RCS,4057165,2020-06-20 21:00,2020,6,20,21:00,11.5,4.6,62,0,,7,,23,95.19,NA
-106.72,52.17,SASKATOON RCS,4057165,2020-06-20 22:00,2020,6,20,22:00,10.8,4.5,65,0,,7,,15,95.24,NA
-106.72,52.17,SASKATOON RCS,4057165,2020-06-20 23:00,2020,6,20,23:00,10.5,4.1,64,0,,7,,12,95.26,NA
-106.72,52.17,SASKATOON RCS,4057165,2020-06-21 0:00,2020,6,21,0:00,10.6,4.4,66,0,,9,,15,95.27,NA
-106.72,52.17,SASKATOON RCS,4057165,2020-06-21 1:00,2020,6,21,1:00,7.2,3.8,79,0,,6,,11,95.26,NA
-106.72,52.17,SASKATOON RCS,4057165,2020-06-21 2:00,2020,6,21,2:00,6.2,3.8,85,0,,4,,8,95.25,NA
-106.72,52.17,SASKATOON RCS,4057165,2020-06-21 3:00,2020,6,21,3:00,4.9,3.1,88,0,,5,,9,95.24,NA
-106.72,52.17,SASKATOON RCS,4057165,2020-06-21 4:00,2020,6,21,4:00,4.2,2.7,90,0,,4,,8,95.24,NA
-106.72,52.17,SASKATOON RCS,4057165,2020-06-21 5:00,2020,6,21,5:00,3.3,2,91,0,,6,,9,95.23,NA
-106.72,52.17,SASKATOON RCS,4057165,2020-06-21 6:00,2020,6,21,6:00,6.5,5.1,91,0,,6,,8,95.28,NA
-106.72,52.17,SASKATOON RCS,4057165,2020-06-21 7:00,2020,6,21,7:00,8.9,6.3,84,0,,7,,8,95.31,NA
-106.72,52.17,SASKATOON RCS,4057165,2020-06-21 8:00,2020,6,21,8:00,10.9,6.3,74,0,,8,,11,95.33,NA
-106.72,52.17,SASKATOON RCS,4057165,2020-06-21 9:00,2020,6,21,9:00,13.3,6.3,62,0,,8,,13,95.33,NA
-106.72,52.17,SASKATOON RCS,4057165,2020-06-21 10:00,2020,6,21,10:00,12.8,5.3,60,0,,9,,15,95.34,NA
-106.72,52.17,SASKATOON RCS,4057165,2020-06-21 11:00,2020,6,21,11:00,14.2,6,58,0,,10,,9,95.38,NA
-106.72,52.17,SASKATOON RCS,4057165,2020-06-21 12:00,2020,6,21,12:00,14.8,5.5,54,0,,8,,10,95.38,NA
-106.72,52.17,SASKATOON RCS,4057165,2020-06-21 13:00,2020,6,21,13:00,16.4,5.2,48,0,,13,,6,95.36,NA
-106.72,52.17,SASKATOON RCS,4057165,2020-06-21 14:00,2020,6,21,14:00,16,4.5,46,0,,9,,10,95.36,NA
-106.72,52.17,SASKATOON RCS,4057165,2020-06-21 15:00,2020,6,21,15:00,16,4.7,47,0,,8,,11,95.37,NA
-106.72,52.17,SASKATOON RCS,4057165,2020-06-21 16:00,2020,6,21,16:00,17,5.1,45,0,,3,,5,95.39,NA
-106.72,52.17,SASKATOON RCS,4057165,2020-06-21 17:00,2020,6,21,17:00,17.3,4.8,43,0,,2,,7,95.39,NA
-106.72,52.17,SASKATOON RCS,4057165,2020-06-21 18:00,2020,6,21,18:00,17.4,3.8,40,0,,5,,9,95.39,NA
-106.72,52.17,SASKATOON RCS,4057165,2020-06-21 19:00,2020,6,21,19:00,17.5,3.9,41,0,,35,,4,95.41,NA
-106.72,52.17,SASKATOON RCS,4057165,2020-06-21 20:00,2020,6,21,20:00,16.3,4,44,0,,5,,8,95.45,NA
-106.72,52.17,SASKATOON RCS,4057165,2020-06-21 21:00,2020,6,21,21:00,14.8,4.8,51,0,,4,,5,95.48,NA
-106.72,52.17,SASKATOON RCS,4057165,2020-06-21 22:00,2020,6,21,22:00,13.3,4.3,55,0,,9,,6,95.51,NA
-106.72,52.17,SASKATOON RCS,4057165,2020-06-21 23:00,2020,6,21,23:00,12,4.8,61,0,,11,,7,95.54,NA
-106.72,52.17,SASKATOON RCS,4057165,2020-06-22 0:00,2020,6,22,0:00,10.5,4.8,68,0,,19,,5,95.6,NA
-106.72,52.17,SASKATOON RCS,4057165,2020-06-22 1:00,2020,6,22,1:00,9.2,4.6,73,0,,16,,6,95.63,NA
-106.72,52.17,SASKATOON RCS,4057165,2020-06-22 2:00,2020,6,22,2:00,6.9,4.4,84,0,,24,,10,95.66,NA
-106.72,52.17,SASKATOON RCS,4057165,2020-06-22 3:00,2020,6,22,3:00,6.5,4.1,85,0,,23,,8,95.69,NA
-106.72,52.17,SASKATOON RCS,4057165,2020-06-22 4:00,2020,6,22,4:00,5.8,3.9,87,0,,25,,11,95.7,NA
-106.72,52.17,SASKATOON RCS,4057165,2020-06-22 5:00,2020,6,22,5:00,5.6,3.6,87,0,,11,,2,95.73,NA
-106.72,52.17,SASKATOON RCS,4057165,2020-06-22 6:00,2020,6,22,6:00,8.2,5.2,81,0,,14,,4,95.77,NA
-106.72,52.17,SASKATOON RCS,4057165,2020-06-22 7:00,2020,6,22,7:00,10.7,7.1,78,0,,21,,4,95.83,NA
-106.72,52.17,SASKATOON RCS,4057165,2020-06-22 8:00,2020,6,22,8:00,13.9,7.9,67,0,,23,,9,95.84,NA
-106.72,52.17,SASKATOON RCS,4057165,2020-06-22 9:00,2020,6,22,9:00,16.4,7.5,56,0,,23,,12,95.84,NA
-106.72,52.17,SASKATOON RCS,4057165,2020-06-22 10:00,2020,6,22,10:00,17.7,6,46,0,,20,,10,95.82,NA
-106.72,52.17,SASKATOON RCS,4057165,2020-06-22 11:00,2020,6,22,11:00,18.7,5.8,43,0,,23,,6,95.82,NA
-106.72,52.17,SASKATOON RCS,4057165,2020-06-22 12:00,2020,6,22,12:00,20.2,6.4,41,0,,20,,10,95.81,NA
-106.72,52.17,SASKATOON RCS,4057165,2020-06-22 13:00,2020,6,22,13:00,20.8,5.6,37,0,,23,,12,95.79,NA
-106.72,52.17,SASKATOON RCS,4057165,2020-06-22 14:00,2020,6,22,14:00,22,6.2,36,0,,24,,15,95.76,NA
-106.72,52.17,SASKATOON RCS,4057165,2020-06-22 15:00,2020,6,22,15:00,22.7,6.7,36,0,,20,,9,95.71,NA
-106.72,52.17,SASKATOON RCS,4057165,2020-06-22 16:00,2020,6,22,16:00,22.4,6.6,36,0,,24,,11,95.69,NA
-106.72,52.17,SASKATOON RCS,4057165,2020-06-22 17:00,2020,6,22,17:00,23.6,8.2,37,0,,25,,8,95.65,NA
-106.72,52.17,SASKATOON RCS,4057165,2020-06-22 18:00,2020,6,22,18:00,23.8,8.4,37,0,,22,,9,95.62,NA
-106.72,52.17,SASKATOON RCS,4057165,2020-06-22 19:00,2020,6,22,19:00,23.6,9.4,41,0,,20,,9,95.6,NA
-106.72,52.17,SASKATOON RCS,4057165,2020-06-22 20:00,2020,6,22,20:00,22.2,10.1,46,0,,18,,9,95.58,NA
-106.72,52.17,SASKATOON RCS,4057165,2020-06-22 21:00,2020,6,22,21:00,19.8,9.8,52,0,,16,,9,95.59,NA
-106.72,52.17,SASKATOON RCS,4057165,2020-06-22 22:00,2020,6,22,22:00,18.8,10.1,57,0,,17,,9,95.59,NA
-106.72,52.17,SASKATOON RCS,4057165,2020-06-22 23:00,2020,6,22,23:00,17.6,10.2,62,0,,19,,12,95.59,NA
-106.72,52.17,SASKATOON RCS,4057165,2020-06-23 0:00,2020,6,23,0:00,16.7,10.2,65,0,,19,,11,95.59,NA
-106.72,52.17,SASKATOON RCS,4057165,2020-06-23 1:00,2020,6,23,1:00,16.3,9.9,66,0,,19,,12,95.59,NA
-106.72,52.17,SASKATOON RCS,4057165,2020-06-23 2:00,2020,6,23,2:00,15.4,9.4,67,0,,18,,11,95.57,NA
-106.72,52.17,SASKATOON RCS,4057165,2020-06-23 3:00,2020,6,23,3:00,15,8.6,66,0,,17,,12,95.56,NA
-106.72,52.17,SASKATOON RCS,4057165,2020-06-23 4:00,2020,6,23,4:00,13.5,8.2,70,0,,16,,6,95.53,NA
-106.72,52.17,SASKATOON RCS,4057165,2020-06-23 5:00,2020,6,23,5:00,13.4,8.4,71,0,,15,,4,95.53,NA
-106.72,52.17,SASKATOON RCS,4057165,2020-06-23 6:00,2020,6,23,6:00,14.7,10,73,0,,14,,3,95.53,NA
-106.72,52.17,SASKATOON RCS,4057165,2020-06-23 7:00,2020,6,23,7:00,15.5,9.7,68,0,,19,,6,95.52,NA
-106.72,52.17,SASKATOON RCS,4057165,2020-06-23 8:00,2020,6,23,8:00,17.8,11.3,66,0,,17,,4,95.49,NA
-106.72,52.17,SASKATOON RCS,4057165,2020-06-23 9:00,2020,6,23,9:00,21.1,11.9,56,0,,10,,6,95.47,NA
-106.72,52.17,SASKATOON RCS,4057165,2020-06-23 10:00,2020,6,23,10:00,23.3,12.2,50,0,,10,,9,95.43,NA
-106.72,52.17,SASKATOON RCS,4057165,2020-06-23 11:00,2020,6,23,11:00,23.9,11,44,0,,14,,7,95.4,NA
-106.72,52.17,SASKATOON RCS,4057165,2020-06-23 12:00,2020,6,23,12:00,24.6,10.6,41,0,,16,,6,95.38,NA
-106.72,52.17,SASKATOON RCS,4057165,2020-06-23 13:00,2020,6,23,13:00,25.9,11.7,41,0,,14,,6,95.34,NA
-106.72,52.17,SASKATOON RCS,4057165,2020-06-23 14:00,2020,6,23,14:00,25.7,11,40,0,,11,,4,95.31,NA
-106.72,52.17,SASKATOON RCS,4057165,2020-06-23 15:00,2020,6,23,15:00,27,9.4,33,0,,18,,9,95.26,NA
-106.72,52.17,SASKATOON RCS,4057165,2020-06-23 16:00,2020,6,23,16:00,27.3,10.2,34,0,,20,,10,95.21,NA
-106.72,52.17,SASKATOON RCS,4057165,2020-06-23 17:00,2020,6,23,17:00,27.2,10.7,36,0,,18,,7,95.17,NA
-106.72,52.17,SASKATOON RCS,4057165,2020-06-23 18:00,2020,6,23,18:00,27.3,10.3,35,0,,16,,11,95.12,NA
-106.72,52.17,SASKATOON RCS,4057165,2020-06-23 19:00,2020,6,23,19:00,27,10.6,36,0,,16,,11,95.06,NA
-106.72,52.17,SASKATOON RCS,4057165,2020-06-23 20:00,2020,6,23,20:00,25.3,10.9,41,0,,14,,12,95.02,NA
-106.72,52.17,SASKATOON RCS,4057165,2020-06-23 21:00,2020,6,23,21:00,24,11.3,45,0,,13,,12,95.01,NA
-106.72,52.17,SASKATOON RCS,4057165,2020-06-23 22:00,2020,6,23,22:00,23.2,11.9,49,0,,13,,16,95.01,NA
-106.72,52.17,SASKATOON RCS,4057165,2020-06-23 23:00,2020,6,23,23:00,22.9,11.2,48,0,,14,,21,94.99,NA
-106.72,52.17,SASKATOON RCS,4057165,2020-06-24 0:00,2020,6,24,0:00,20.3,12.1,59,0,,12,,14,94.97,NA
-106.72,52.17,SASKATOON RCS,4057165,2020-06-24 1:00,2020,6,24,1:00,17.8,11.9,68,0,,8,,15,94.97,NA
-106.72,52.17,SASKATOON RCS,4057165,2020-06-24 2:00,2020,6,24,2:00,18.5,12.1,66,0,,9,,18,94.95,NA
-106.72,52.17,SASKATOON RCS,4057165,2020-06-24 3:00,2020,6,24,3:00,19,11.5,62,0,,11,,13,94.92,NA
-106.72,52.17,SASKATOON RCS,4057165,2020-06-24 4:00,2020,6,24,4:00,18.4,10.9,62,0,,12,,13,94.87,NA
-106.72,52.17,SASKATOON RCS,4057165,2020-06-24 5:00,2020,6,24,5:00,16.9,10.7,67,0,,13,,8,94.86,NA
-106.72,52.17,SASKATOON RCS,4057165,2020-06-24 6:00,2020,6,24,6:00,17.1,11.8,71,0,,13,,9,94.83,NA
-106.72,52.17,SASKATOON RCS,4057165,2020-06-24 7:00,2020,6,24,7:00,19.8,12.5,63,0,,15,,15,94.78,NA
-106.72,52.17,SASKATOON RCS,4057165,2020-06-24 8:00,2020,6,24,8:00,20.9,13.1,61,0,,17,,16,94.73,NA
-106.72,52.17,SASKATOON RCS,4057165,2020-06-24 9:00,2020,6,24,9:00,22.9,14.3,58,0,,15,,13,94.71,NA
-106.72,52.17,SASKATOON RCS,4057165,2020-06-24 10:00,2020,6,24,10:00,22.8,14.2,58,0,,20,,10,94.69,NA
-106.72,52.17,SASKATOON RCS,4057165,2020-06-24 11:00,2020,6,24,11:00,24.7,15.7,57,0,,22,,4,94.7,NA
-106.72,52.17,SASKATOON RCS,4057165,2020-06-24 12:00,2020,6,24,12:00,24.4,15.9,59,0,,23,,21,94.76,NA
-106.72,52.17,SASKATOON RCS,4057165,2020-06-24 13:00,2020,6,24,13:00,23.1,15.5,62,0,,29,,22,94.79,NA
-106.72,52.17,SASKATOON RCS,4057165,2020-06-24 14:00,2020,6,24,14:00,20.9,16.9,78,0,,31,,11,94.78,NA
-106.72,52.17,SASKATOON RCS,4057165,2020-06-24 15:00,2020,6,24,15:00,21.7,17.1,75,0,,35,,14,94.73,NA
-106.72,52.17,SASKATOON RCS,4057165,2020-06-24 16:00,2020,6,24,16:00,22.3,16,67,0,,1,,14,94.72,NA
-106.72,52.17,SASKATOON RCS,4057165,2020-06-24 17:00,2020,6,24,17:00,23.8,15.1,58,0,,34,,18,94.68,NA
-106.72,52.17,SASKATOON RCS,4057165,2020-06-24 18:00,2020,6,24,18:00,24.2,13.9,53,0,,35,,18,94.65,NA
-106.72,52.17,SASKATOON RCS,4057165,2020-06-24 19:00,2020,6,24,19:00,23.7,14.9,58,0,,1,,11,94.64,NA
-106.72,52.17,SASKATOON RCS,4057165,2020-06-24 20:00,2020,6,24,20:00,22.9,14.8,60,0,,35,,12,94.68,NA
-106.72,52.17,SASKATOON RCS,4057165,2020-06-24 21:00,2020,6,24,21:00,20.9,15.7,72,0,,1,,13,94.71,NA
-106.72,52.17,SASKATOON RCS,4057165,2020-06-24 22:00,2020,6,24,22:00,18.6,15.5,82,0,,2,,6,94.73,NA
-106.72,52.17,SASKATOON RCS,4057165,2020-06-24 23:00,2020,6,24,23:00,16.3,14.4,89,0,,35,,11,94.72,NA
-106.72,52.17,SASKATOON RCS,4057165,2020-06-25 0:00,2020,6,25,0:00,16.3,14.4,89,0,,32,,8,94.73,NA
-106.72,52.17,SASKATOON RCS,4057165,2020-06-25 1:00,2020,6,25,1:00,17.4,15.5,88,0,,29,,14,94.77,NA
-106.72,52.17,SASKATOON RCS,4057165,2020-06-25 2:00,2020,6,25,2:00,17.1,15,87,1.7,,31,,18,94.79,NA
-106.72,52.17,SASKATOON RCS,4057165,2020-06-25 3:00,2020,6,25,3:00,16.6,14.9,90,1.6,,31,,14,94.78,NA
-106.72,52.17,SASKATOON RCS,4057165,2020-06-25 4:00,2020,6,25,4:00,15.3,14,92,0,,29,,12,94.8,NA
-106.72,52.17,SASKATOON RCS,4057165,2020-06-25 5:00,2020,6,25,5:00,15,13.8,92,0,,31,,15,94.85,NA
-106.72,52.17,SASKATOON RCS,4057165,2020-06-25 6:00,2020,6,25,6:00,14.6,13.1,91,0,,31,,11,94.92,NA
-106.72,52.17,SASKATOON RCS,4057165,2020-06-25 7:00,2020,6,25,7:00,15.9,13.7,87,0,,30,,8,94.98,NA
-106.72,52.17,SASKATOON RCS,4057165,2020-06-25 8:00,2020,6,25,8:00,17.4,14.8,85,0,,30,,17,95.01,NA
-106.72,52.17,SASKATOON RCS,4057165,2020-06-25 9:00,2020,6,25,9:00,18.6,14.4,76,0,,30,,19,95.02,NA
-106.72,52.17,SASKATOON RCS,4057165,2020-06-25 10:00,2020,6,25,10:00,20.9,14.2,65,0,,29,,19,95.06,NA
-106.72,52.17,SASKATOON RCS,4057165,2020-06-25 11:00,2020,6,25,11:00,21.8,14.2,62,0,,29,,17,95.08,NA
-106.72,52.17,SASKATOON RCS,4057165,2020-06-25 12:00,2020,6,25,12:00,22.7,13.7,57,0,,28,,20,95.09,NA
-106.72,52.17,SASKATOON RCS,4057165,2020-06-25 13:00,2020,6,25,13:00,24,12.4,48,0,,29,,23,95.07,NA
-106.72,52.17,SASKATOON RCS,4057165,2020-06-25 14:00,2020,6,25,14:00,24.6,11.5,44,0,,30,,27,95.06,NA
-106.72,52.17,SASKATOON RCS,4057165,2020-06-25 15:00,2020,6,25,15:00,25.9,10.2,37,0,,29,,26,95.05,NA
-106.72,52.17,SASKATOON RCS,4057165,2020-06-25 16:00,2020,6,25,16:00,25.3,8.2,34,0,,29,,23,95.04,NA
-106.72,52.17,SASKATOON RCS,4057165,2020-06-25 17:00,2020,6,25,17:00,26.3,7.3,30,0,,29,,25,95.03,NA
-106.72,52.17,SASKATOON RCS,4057165,2020-06-25 18:00,2020,6,25,18:00,26.1,7.3,30,0,,29,,25,95.05,NA
-106.72,52.17,SASKATOON RCS,4057165,2020-06-25 19:00,2020,6,25,19:00,25.6,7.8,32,0,,29,,17,95.04,NA
-106.72,52.17,SASKATOON RCS,4057165,2020-06-25 20:00,2020,6,25,20:00,24.1,9.7,40,0,,28,,10,95.05,NA
-106.72,52.17,SASKATOON RCS,4057165,2020-06-25 21:00,2020,6,25,21:00,20.7,11.5,56,0,,27,,9,95.04,NA
-106.72,52.17,SASKATOON RCS,4057165,2020-06-25 22:00,2020,6,25,22:00,17,11,68,0,,25,,10,95.09,NA
-106.72,52.17,SASKATOON RCS,4057165,2020-06-25 23:00,2020,6,25,23:00,15.7,10,69,0,,23,,12,95.1,NA
-106.72,52.17,SASKATOON RCS,4057165,2020-06-26 0:00,2020,6,26,0:00,15.3,10.2,72,0,,21,,10,95.12,NA
-106.72,52.17,SASKATOON RCS,4057165,2020-06-26 1:00,2020,6,26,1:00,13.7,10.1,79,0,,22,,11,95.14,NA
-106.72,52.17,SASKATOON RCS,4057165,2020-06-26 2:00,2020,6,26,2:00,12.2,9.2,82,0.2,,22,,14,95.13,NA
-106.72,52.17,SASKATOON RCS,4057165,2020-06-26 3:00,2020,6,26,3:00,12,9.3,84,0,,23,,13,95.13,NA
-106.72,52.17,SASKATOON RCS,4057165,2020-06-26 4:00,2020,6,26,4:00,12.1,10.1,87,0,,23,,12,95.13,NA
-106.72,52.17,SASKATOON RCS,4057165,2020-06-26 5:00,2020,6,26,5:00,12.8,10.5,86,0,,20,,9,95.11,NA
-106.72,52.17,SASKATOON RCS,4057165,2020-06-26 6:00,2020,6,26,6:00,13.5,10.6,82,0,,18,,8,95.13,NA
-106.72,52.17,SASKATOON RCS,4057165,2020-06-26 7:00,2020,6,26,7:00,15.6,11.6,77,0,,22,,6,95.14,NA
-106.72,52.17,SASKATOON RCS,4057165,2020-06-26 8:00,2020,6,26,8:00,17.4,11.7,69,0,,20,,4,95.09,NA
-106.72,52.17,SASKATOON RCS,4057165,2020-06-26 9:00,2020,6,26,9:00,21.3,11.1,52,0,,8,,6,95,NA
-106.72,52.17,SASKATOON RCS,4057165,2020-06-26 10:00,2020,6,26,10:00,23.5,9.1,40,0,,14,,6,94.96,NA
-106.72,52.17,SASKATOON RCS,4057165,2020-06-26 11:00,2020,6,26,11:00,24.8,9.6,38,0,,16,,8,94.9,NA
-106.72,52.17,SASKATOON RCS,4057165,2020-06-26 12:00,2020,6,26,12:00,26.7,9,33,0,,16,,13,94.84,NA
-106.72,52.17,SASKATOON RCS,4057165,2020-06-26 13:00,2020,6,26,13:00,27.8,11.4,36,0,,16,,10,94.76,NA
-106.72,52.17,SASKATOON RCS,4057165,2020-06-26 14:00,2020,6,26,14:00,28.6,9.8,31,0,,17,,16,94.67,NA
-106.72,52.17,SASKATOON RCS,4057165,2020-06-26 15:00,2020,6,26,15:00,27.9,13.8,42,0,,20,,12,94.61,NA
-106.72,52.17,SASKATOON RCS,4057165,2020-06-26 16:00,2020,6,26,16:00,24.9,12.2,45,0,,3,,36,94.57,NA
-106.72,52.17,SASKATOON RCS,4057165,2020-06-26 17:00,2020,6,26,17:00,24.9,12.8,47,0,,5,,35,94.51,NA
-106.72,52.17,SASKATOON RCS,4057165,2020-06-26 18:00,2020,6,26,18:00,24,12.3,48,0,,4,,32,94.55,NA
-106.72,52.17,SASKATOON RCS,4057165,2020-06-26 19:00,2020,6,26,19:00,22.2,12.2,53,0,,3,,32,94.61,NA
-106.72,52.17,SASKATOON RCS,4057165,2020-06-26 20:00,2020,6,26,20:00,20.6,10.3,51,0,,2,,30,94.67,NA
-106.72,52.17,SASKATOON RCS,4057165,2020-06-26 21:00,2020,6,26,21:00,19.8,10.1,53,0,,4,,25,94.62,NA
-106.72,52.17,SASKATOON RCS,4057165,2020-06-26 22:00,2020,6,26,22:00,19.1,10.5,58,0,,4,,18,94.65,NA
-106.72,52.17,SASKATOON RCS,4057165,2020-06-26 23:00,2020,6,26,23:00,17.7,10.7,64,0,,6,,13,94.61,NA
-106.72,52.17,SASKATOON RCS,4057165,2020-06-27 0:00,2020,6,27,0:00,18,10.5,62,0,,7,,18,94.5,NA
-106.72,52.17,SASKATOON RCS,4057165,2020-06-27 1:00,2020,6,27,1:00,16.1,11.2,73,0,,36,,11,94.52,NA
-106.72,52.17,SASKATOON RCS,4057165,2020-06-27 2:00,2020,6,27,2:00,16,11.3,74,0,,5,,13,94.44,NA
-106.72,52.17,SASKATOON RCS,4057165,2020-06-27 3:00,2020,6,27,3:00,16.2,11.8,75,0,,2,,8,94.46,NA
-106.72,52.17,SASKATOON RCS,4057165,2020-06-27 4:00,2020,6,27,4:00,14.4,12.5,89,0,,35,,17,94.4,NA
-106.72,52.17,SASKATOON RCS,4057165,2020-06-27 5:00,2020,6,27,5:00,14.4,13,92,1.2,,1,,18,94.34,NA
-106.72,52.17,SASKATOON RCS,4057165,2020-06-27 6:00,2020,6,27,6:00,14.7,13.4,92,1.5,,3,,22,94.22,NA
-106.72,52.17,SASKATOON RCS,4057165,2020-06-27 7:00,2020,6,27,7:00,14.7,13.6,93,7.1,,9,,13,94.23,NA
-106.72,52.17,SASKATOON RCS,4057165,2020-06-27 8:00,2020,6,27,8:00,15.1,13.7,91,0.3,,4,,14,94.14,NA
-106.72,52.17,SASKATOON RCS,4057165,2020-06-27 9:00,2020,6,27,9:00,15.8,14.2,90,0.3,,7,,16,94.15,NA
-106.72,52.17,SASKATOON RCS,4057165,2020-06-27 10:00,2020,6,27,10:00,16.9,14.5,85,0,,3,,11,94.19,NA
-106.72,52.17,SASKATOON RCS,4057165,2020-06-27 11:00,2020,6,27,11:00,16.3,14.6,90,0,,30,,19,94.24,NA
-106.72,52.17,SASKATOON RCS,4057165,2020-06-27 12:00,2020,6,27,12:00,15.2,14.1,93,0,,33,,16,94.28,NA
-106.72,52.17,SASKATOON RCS,4057165,2020-06-27 13:00,2020,6,27,13:00,15.5,13.9,90,0,,1,,16,94.26,NA
-106.72,52.17,SASKATOON RCS,4057165,2020-06-27 14:00,2020,6,27,14:00,16.4,14.2,87,0,,32,,14,94.34,NA
-106.72,52.17,SASKATOON RCS,4057165,2020-06-27 15:00,2020,6,27,15:00,17.2,14.1,82,0,,33,,17,94.33,NA
-106.72,52.17,SASKATOON RCS,4057165,2020-06-27 16:00,2020,6,27,16:00,18.5,14.2,76,0,,34,,13,94.32,NA
-106.72,52.17,SASKATOON RCS,4057165,2020-06-27 17:00,2020,6,27,17:00,18.8,12.7,68,0,,35,,14,94.29,NA
-106.72,52.17,SASKATOON RCS,4057165,2020-06-27 18:00,2020,6,27,18:00,20.3,13.2,64,0,,35,,9,94.29,NA
-106.72,52.17,SASKATOON RCS,4057165,2020-06-27 19:00,2020,6,27,19:00,20.2,13.2,64,0,,36,,8,94.31,NA
-106.72,52.17,SASKATOON RCS,4057165,2020-06-27 20:00,2020,6,27,20:00,19.3,12.9,66,0,,34,,4,94.31,NA
-106.72,52.17,SASKATOON RCS,4057165,2020-06-27 21:00,2020,6,27,21:00,17.2,13.6,80,0,,7,,5,94.31,NA
-106.72,52.17,SASKATOON RCS,4057165,2020-06-27 22:00,2020,6,27,22:00,16.1,12.9,81,0,,6,,3,94.3,NA
-106.72,52.17,SASKATOON RCS,4057165,2020-06-27 23:00,2020,6,27,23:00,14.9,12.7,86,0,,9,,7,94.3,NA
-106.72,52.17,SASKATOON RCS,4057165,2020-06-28 0:00,2020,6,28,0:00,14.5,12.8,89,0,,16,,2,94.3,NA
-106.72,52.17,SASKATOON RCS,4057165,2020-06-28 1:00,2020,6,28,1:00,13.3,11.9,91,0,,6,,8,94.3,NA
-106.72,52.17,SASKATOON RCS,4057165,2020-06-28 2:00,2020,6,28,2:00,13.5,12.3,93,0,,11,,4,94.31,NA
-106.72,52.17,SASKATOON RCS,4057165,2020-06-28 3:00,2020,6,28,3:00,13.5,12.4,93,0,,9,,1,94.32,NA
-106.72,52.17,SASKATOON RCS,4057165,2020-06-28 4:00,2020,6,28,4:00,13.2,12,93,0,,,,0,94.32,NA
-106.72,52.17,SASKATOON RCS,4057165,2020-06-28 5:00,2020,6,28,5:00,12.9,12.1,95,0,,3,,7,94.35,NA
-106.72,52.17,SASKATOON RCS,4057165,2020-06-28 6:00,2020,6,28,6:00,13.2,12.4,95,0,,5,,7,94.33,NA
-106.72,52.17,SASKATOON RCS,4057165,2020-06-28 7:00,2020,6,28,7:00,14.3,13.2,93,0,,2,,8,94.34,NA
-106.72,52.17,SASKATOON RCS,4057165,2020-06-28 8:00,2020,6,28,8:00,16.3,14.5,89,0,,4,,11,94.36,NA
-106.72,52.17,SASKATOON RCS,4057165,2020-06-28 9:00,2020,6,28,9:00,16.4,13.3,82,0,,4,,12,94.31,NA
-106.72,52.17,SASKATOON RCS,4057165,2020-06-28 10:00,2020,6,28,10:00,16.9,13.9,82,0,,6,,16,94.37,NA
-106.72,52.17,SASKATOON RCS,4057165,2020-06-28 11:00,2020,6,28,11:00,17.6,13.3,76,0,,5,,16,94.38,NA
-106.72,52.17,SASKATOON RCS,4057165,2020-06-28 12:00,2020,6,28,12:00,18.2,12.8,71,0,,4,,16,94.4,NA
-106.72,52.17,SASKATOON RCS,4057165,2020-06-28 13:00,2020,6,28,13:00,19.8,13.2,66,0,,4,,17,94.44,NA
-106.72,52.17,SASKATOON RCS,4057165,2020-06-28 14:00,2020,6,28,14:00,19.5,13.4,68,0,,5,,18,94.45,NA
-106.72,52.17,SASKATOON RCS,4057165,2020-06-28 15:00,2020,6,28,15:00,19.3,14,71,0,,6,,25,94.43,NA
-106.72,52.17,SASKATOON RCS,4057165,2020-06-28 16:00,2020,6,28,16:00,18.9,13.6,72,0,,8,,15,94.46,NA
-106.72,52.17,SASKATOON RCS,4057165,2020-06-28 17:00,2020,6,28,17:00,19.5,13.7,69,0,,5,,22,94.42,NA
-106.72,52.17,SASKATOON RCS,4057165,2020-06-28 18:00,2020,6,28,18:00,19.2,13.4,69,0,,5,,15,94.37,NA
-106.72,52.17,SASKATOON RCS,4057165,2020-06-28 19:00,2020,6,28,19:00,19,14,73,0,,5,,18,94.46,NA
-106.72,52.17,SASKATOON RCS,4057165,2020-06-28 20:00,2020,6,28,20:00,18.2,13.4,74,0,,5,,21,94.54,NA
-106.72,52.17,SASKATOON RCS,4057165,2020-06-28 21:00,2020,6,28,21:00,17.7,14.1,79,0,,4,,15,94.58,NA
-106.72,52.17,SASKATOON RCS,4057165,2020-06-28 22:00,2020,6,28,22:00,15.8,14.1,90,0,,3,,13,94.62,NA
-106.72,52.17,SASKATOON RCS,4057165,2020-06-28 23:00,2020,6,28,23:00,15.3,14.1,92,0,,35,,12,94.66,NA
-106.72,52.17,SASKATOON RCS,4057165,2020-06-29 0:00,2020,6,29,0:00,15.9,14.3,90,0,,1,,12,94.68,NA
-106.72,52.17,SASKATOON RCS,4057165,2020-06-29 1:00,2020,6,29,1:00,15.5,14.1,91,0,,2,,16,94.67,NA
-106.72,52.17,SASKATOON RCS,4057165,2020-06-29 2:00,2020,6,29,2:00,15.3,14,92,0,,1,,16,94.66,NA
-106.72,52.17,SASKATOON RCS,4057165,2020-06-29 3:00,2020,6,29,3:00,15.2,14,93,0,,1,,15,94.69,NA
-106.72,52.17,SASKATOON RCS,4057165,2020-06-29 4:00,2020,6,29,4:00,15.1,13.7,91,0,,3,,15,94.78,NA
-106.72,52.17,SASKATOON RCS,4057165,2020-06-29 5:00,2020,6,29,5:00,14.6,13.4,92,0,,3,,18,94.79,NA
-106.72,52.17,SASKATOON RCS,4057165,2020-06-29 6:00,2020,6,29,6:00,15.5,13.8,89,0,,4,,18,94.8,NA
-106.72,52.17,SASKATOON RCS,4057165,2020-06-29 7:00,2020,6,29,7:00,16.1,13.9,87,0,,4,,19,94.89,NA
-106.72,52.17,SASKATOON RCS,4057165,2020-06-29 8:00,2020,6,29,8:00,16.6,14.1,85,0,,3,,21,94.88,NA
-106.72,52.17,SASKATOON RCS,4057165,2020-06-29 9:00,2020,6,29,9:00,17.7,13.9,78,0,,5,,21,94.91,NA
-106.72,52.17,SASKATOON RCS,4057165,2020-06-29 10:00,2020,6,29,10:00,18.3,13.7,75,0,,4,,20,94.96,NA
-106.72,52.17,SASKATOON RCS,4057165,2020-06-29 11:00,2020,6,29,11:00,18,13.2,73,0,,5,,26,94.96,NA
-106.72,52.17,SASKATOON RCS,4057165,2020-06-29 12:00,2020,6,29,12:00,17.8,13.1,74,0,,3,,25,94.99,NA
-106.72,52.17,SASKATOON RCS,4057165,2020-06-29 13:00,2020,6,29,13:00,18.2,13,72,0,,3,,24,95,NA
-106.72,52.17,SASKATOON RCS,4057165,2020-06-29 14:00,2020,6,29,14:00,18.8,12.3,66,0,,4,,25,94.99,NA
-106.72,52.17,SASKATOON RCS,4057165,2020-06-29 15:00,2020,6,29,15:00,18.7,12.7,68,0,,2,,22,94.99,NA
-106.72,52.17,SASKATOON RCS,4057165,2020-06-29 16:00,2020,6,29,16:00,18.8,12.2,65,0,,6,,21,95.02,NA
-106.72,52.17,SASKATOON RCS,4057165,2020-06-29 17:00,2020,6,29,17:00,18.2,12.3,68,0,,4,,21,94.99,NA
-106.72,52.17,SASKATOON RCS,4057165,2020-06-29 18:00,2020,6,29,18:00,18.7,12.3,66,0,,4,,21,94.99,NA
-106.72,52.17,SASKATOON RCS,4057165,2020-06-29 19:00,2020,6,29,19:00,17.9,12.6,71,0,,6,,18,95.02,NA
-106.72,52.17,SASKATOON RCS,4057165,2020-06-29 20:00,2020,6,29,20:00,17.3,12.7,74,0,,4,,18,94.97,NA
-106.72,52.17,SASKATOON RCS,4057165,2020-06-29 21:00,2020,6,29,21:00,16.9,13.1,79,0,,6,,14,95.05,NA
-106.72,52.17,SASKATOON RCS,4057165,2020-06-29 22:00,2020,6,29,22:00,15.7,13.6,87,0,,6,,16,95.03,NA
-106.72,52.17,SASKATOON RCS,4057165,2020-06-29 23:00,2020,6,29,23:00,15.3,13.6,89,0.2,,5,,15,95.02,NA
-106.72,52.17,SASKATOON RCS,4057165,2020-06-30 0:00,2020,6,30,0:00,15,13.3,89,0,,6,,14,95.06,NA
-106.72,52.17,SASKATOON RCS,4057165,2020-06-30 1:00,2020,6,30,1:00,14.5,13,90,0,,7,,22,94.96,NA
-106.72,52.17,SASKATOON RCS,4057165,2020-06-30 2:00,2020,6,30,2:00,14.2,12.7,91,0,,5,,16,94.94,NA
-106.72,52.17,SASKATOON RCS,4057165,2020-06-30 3:00,2020,6,30,3:00,14.2,12.5,90,0,,5,,21,94.89,NA
-106.72,52.17,SASKATOON RCS,4057165,2020-06-30 4:00,2020,6,30,4:00,14,12.5,91,0,,5,,21,94.85,NA
-106.72,52.17,SASKATOON RCS,4057165,2020-06-30 5:00,2020,6,30,5:00,13.7,12.5,92,0,,4,,23,94.77,NA
-106.72,52.17,SASKATOON RCS,4057165,2020-06-30 6:00,2020,6,30,6:00,13.5,12.6,94,0,,5,,18,94.85,NA
-106.72,52.17,SASKATOON RCS,4057165,2020-06-30 7:00,2020,6,30,7:00,13.8,12.6,93,0,,4,,23,94.78,NA
-106.72,52.17,SASKATOON RCS,4057165,2020-06-30 8:00,2020,6,30,8:00,13.8,12.8,93,0,,5,,24,94.78,NA
-106.72,52.17,SASKATOON RCS,4057165,2020-06-30 9:00,2020,6,30,9:00,14,13,94,0.9,,6,,23,94.75,NA
-106.72,52.17,SASKATOON RCS,4057165,2020-06-30 10:00,2020,6,30,10:00,14.6,13.7,94,0,,6,,30,94.7,NA
-106.72,52.17,SASKATOON RCS,4057165,2020-06-30 11:00,2020,6,30,11:00,15,13.8,92,0,,7,,25,94.7,NA
-106.72,52.17,SASKATOON RCS,4057165,2020-06-30 12:00,2020,6,30,12:00,15.8,14.7,93,0,,6,,21,94.65,NA
-106.72,52.17,SASKATOON RCS,4057165,2020-06-30 13:00,2020,6,30,13:00,16.8,15.5,92,0,,8,,16,94.68,NA
-106.72,52.17,SASKATOON RCS,4057165,2020-06-30 14:00,2020,6,30,14:00,17.1,16,94,0,,5,,11,94.66,NA
-106.72,52.17,SASKATOON RCS,4057165,2020-06-30 15:00,2020,6,30,15:00,18.1,16.7,92,0,,7,,15,94.66,NA
-106.72,52.17,SASKATOON RCS,4057165,2020-06-30 16:00,2020,6,30,16:00,18.3,17.3,94,0.3,,5,,16,94.63,NA
-106.72,52.17,SASKATOON RCS,4057165,2020-06-30 17:00,2020,6,30,17:00,18,16.9,93,0,,7,,17,94.54,NA
-106.72,52.17,SASKATOON RCS,4057165,2020-06-30 18:00,2020,6,30,18:00,18.4,17.1,92,0,,8,,13,94.57,NA
-106.72,52.17,SASKATOON RCS,4057165,2020-06-30 19:00,2020,6,30,19:00,18.3,17.2,93,0,,4,,14,94.5,NA
-106.72,52.17,SASKATOON RCS,4057165,2020-06-30 20:00,2020,6,30,20:00,18.3,17.2,93,0,,5,,11,94.49,NA
-106.72,52.17,SASKATOON RCS,4057165,2020-06-30 21:00,2020,6,30,21:00,17.9,16.9,94,1.4,,5,,13,94.44,NA
-106.72,52.17,SASKATOON RCS,4057165,2020-06-30 22:00,2020,6,30,22:00,17.1,16.2,94,2.9,,6,,17,94.39,NA
-106.72,52.17,SASKATOON RCS,4057165,2020-06-30 23:00,2020,6,30,23:00,17.1,16.3,95,2.3,,7,,13,94.32,NA
-106.72,52.17,SASKATOON RCS,4057165,2020-07-01 0:00,2020,7,1,0:00,18.1,17.2,94,0,,12,,10,94.28,NA
-106.72,52.17,SASKATOON RCS,4057165,2020-07-01 1:00,2020,7,1,1:00,18,17.1,95,0,,13,,8,94.28,NA
-106.72,52.17,SASKATOON RCS,4057165,2020-07-01 2:00,2020,7,1,2:00,16.7,15.4,92,0,,22,,23,94.29,NA
-106.72,52.17,SASKATOON RCS,4057165,2020-07-01 3:00,2020,7,1,3:00,16.3,15.1,93,1.2,,21,,16,94.28,NA
-106.72,52.17,SASKATOON RCS,4057165,2020-07-01 4:00,2020,7,1,4:00,15.5,14.4,93,0,,10,,7,94.26,NA
-106.72,52.17,SASKATOON RCS,4057165,2020-07-01 5:00,2020,7,1,5:00,15.9,15,94,0,,17,,9,94.31,NA
-106.72,52.17,SASKATOON RCS,4057165,2020-07-01 6:00,2020,7,1,6:00,15.4,14.4,94,3.1,,16,,8,94.32,NA
-106.72,52.17,SASKATOON RCS,4057165,2020-07-01 7:00,2020,7,1,7:00,15.4,14.5,94,0.6,,12,,5,94.26,NA
-106.72,52.17,SASKATOON RCS,4057165,2020-07-01 8:00,2020,7,1,8:00,15.7,14.7,94,0.5,,14,,13,94.33,NA
-106.72,52.17,SASKATOON RCS,4057165,2020-07-01 9:00,2020,7,1,9:00,15.4,14.3,93,0.2,,10,,6,94.26,NA
-106.72,52.17,SASKATOON RCS,4057165,2020-07-01 10:00,2020,7,1,10:00,16.2,14.3,89,0,,12,,14,94.31,NA
-106.72,52.17,SASKATOON RCS,4057165,2020-07-01 11:00,2020,7,1,11:00,18,15.3,84,0,,14,,18,94.32,NA
-106.72,52.17,SASKATOON RCS,4057165,2020-07-01 12:00,2020,7,1,12:00,20.4,13.1,63,0,,17,,22,94.28,NA
-106.72,52.17,SASKATOON RCS,4057165,2020-07-01 13:00,2020,7,1,13:00,21.2,12,56,0,,18,,27,94.28,NA
-106.72,52.17,SASKATOON RCS,4057165,2020-07-01 14:00,2020,7,1,14:00,21.3,11.1,52,0,,18,,31,94.34,NA
-106.72,52.17,SASKATOON RCS,4057165,2020-07-01 15:00,2020,7,1,15:00,22.2,11.8,52,0,,19,,31,94.37,NA
-106.72,52.17,SASKATOON RCS,4057165,2020-07-01 16:00,2020,7,1,16:00,22.5,11.9,51,0,,19,,27,94.41,NA
-106.72,52.17,SASKATOON RCS,4057165,2020-07-01 17:00,2020,7,1,17:00,22.9,11.9,50,0,,19,,26,94.43,NA
-106.72,52.17,SASKATOON RCS,4057165,2020-07-01 18:00,2020,7,1,18:00,23.2,10.4,44,0,,18,,19,94.45,NA
-106.72,52.17,SASKATOON RCS,4057165,2020-07-01 19:00,2020,7,1,19:00,22.8,9.3,42,0,,18,,24,94.5,NA
-106.72,52.17,SASKATOON RCS,4057165,2020-07-01 20:00,2020,7,1,20:00,22.5,9.8,45,0,,16,,20,94.54,NA
-106.72,52.17,SASKATOON RCS,4057165,2020-07-01 21:00,2020,7,1,21:00,20.4,10.9,54,0,,14,,17,94.57,NA
-106.72,52.17,SASKATOON RCS,4057165,2020-07-01 22:00,2020,7,1,22:00,19,10.8,59,0,,14,,20,94.61,NA
-106.72,52.17,SASKATOON RCS,4057165,2020-07-01 23:00,2020,7,1,23:00,17.9,10.8,63,0,,14,,17,94.64,NA
-106.72,52.17,SASKATOON RCS,4057165,2020-07-02 0:00,2020,7,2,0:00,18.1,10.3,60,0,,15,,20,94.66,NA
-106.72,52.17,SASKATOON RCS,4057165,2020-07-02 1:00,2020,7,2,1:00,16.6,10.8,69,0,,15,,19,94.66,NA
-106.72,52.17,SASKATOON RCS,4057165,2020-07-02 2:00,2020,7,2,2:00,15.7,10.2,70,0,,17,,16,94.72,NA
