Date,Time,Time_Fract,Site_Name,Cond_uS_cm,nLF_Cond_uS/cm,ODO_%_sat,ODO_%_local,ODO_mg/L,Sal_psu,SpCond_uS/cm,TDS_mg/L,Turbidity_FNU,TSS_mg/L,Wiper_Position_volt,pH,pH_mV,Temp_degC,Battery_V,Cable_Pwr_V
2/14/2020,14:15:00,0,Default Site,3318.8,4357.7,101.8,101.8,10.54,2.29,4286.5,2786,1165.69,0,1.194,7.49,-50.8,13.181,5.52,0
2/14/2020,14:20:00,0,Default Site,3320.7,4357.8,101.8,101.8,10.53,2.29,4286.6,2786,1163.06,0,1.19,7.48,-50.4,13.202,5.52,0
2/14/2020,14:25:00,0,Default Site,3322.4,4357.6,101.8,101.8,10.53,2.29,4286.5,2786,1164.35,0,1.204,7.47,-49.9,13.225,5.51,0
2/14/2020,14:30:00,0,Default Site,3324.3,4357.6,101.8,101.8,10.52,2.29,4286.5,2786,1163.16,0,1.189,7.47,-49.5,13.247,5.52,0
2/14/2020,14:55:00,0,Default Site,3332.9,4357.2,101.8,101.8,10.49,2.29,4286.4,2786,1162.32,0,1.19,7.46,-48.8,13.354,5.51,0
2/14/2020,15:00:00,0,Default Site,3335,4357.5,101.8,101.8,10.48,2.29,4286.8,2786,1161.92,0,1.186,7.45,-48.8,13.376,5.52,0
2/14/2020,15:05:00,0,Default Site,3336.8,4357.3,101.8,101.8,10.48,2.29,4286.7,2786,1158.67,0,1.19,7.46,-49,13.399,5.49,0
2/14/2020,15:10:00,0,Default Site,3338.5,4357,101.7,101.7,10.47,2.29,4286.4,2786,1170.47,0,1.193,7.46,-48.9,13.422,5.49,0
2/14/2020,15:15:00,0,Default Site,3340.5,4357.2,101.7,101.7,10.46,2.29,4286.7,2786,1162.61,0,1.194,7.46,-48.8,13.444,5.49,0
2/14/2020,15:20:00,0,Default Site,3342.3,4357.1,101.7,101.7,10.46,2.29,4286.7,2786,1162.37,0,1.193,7.45,-48.7,13.466,5.49,0
2/14/2020,15:25:00,0,Default Site,3314,4308.9,101.7,101.7,10.44,2.27,4239.6,2756,1150.35,0,1.192,7.45,-48.4,13.57,5.49,0
2/14/2020,15:30:00,0,Default Site,3296,4274.7,101.8,101.8,10.43,2.25,4206.2,2734,1140.68,0,1.193,7.44,-48.2,13.67,5.49,0
2/14/2020,15:35:00,0,Default Site,3256.4,4209.8,101.9,101.9,10.41,2.21,4142.7,2693,1119.82,0,1.19,7.44,-48,13.798,5.49,0
2/14/2020,15:40:00,0,Default Site,3237.3,4177.3,101.9,101.9,10.39,2.19,4111,2672,1108.98,0,1.193,7.44,-47.8,13.874,5.49,0
2/14/2020,15:45:00,0,Default Site,3205.1,4129.5,101.9,101.9,10.37,2.17,4064.1,2642,1095.97,0,1.191,7.43,-47.6,13.934,5.49,0
2/14/2020,15:50:00,0,Default Site,3185.1,4100,101.9,101.9,10.37,2.15,4035.2,2623,1085.77,0,1.193,7.43,-47.5,13.97,5.49,0
2/14/2020,15:55:00,0,Default Site,3155.7,4058.6,101.9,101.9,10.37,2.13,3994.5,2596,1071.57,0,1.19,7.43,-47.4,14.005,5.48,0
2/14/2020,16:00:00,0,Default Site,3112.8,4000.1,102,102,10.37,2.1,3937.1,2559,1059.16,0,1.193,7.43,-47.2,14.038,5.49,0
2/14/2020,16:05:00,0,Default Site,3082.5,3958.7,102,102,10.36,2.07,3896.4,2533,1040.95,0,1.19,7.42,-47,14.063,5.49,0
2/14/2020,16:10:00,0,Default Site,3055.8,3922.2,102,102,10.36,2.05,3860.5,2509,1035.34,0,1.203,7.42,-47,14.086,5.49,0
2/14/2020,16:15:00,0,Default Site,3023.5,3878.6,102,102,10.36,2.03,3817.7,2481,1019.96,0,1.19,7.42,-46.9,14.108,5.48,0
2/14/2020,16:20:00,0,Default Site,2993.1,3837.7,102.1,102.1,10.36,2.01,3777.5,2455,1019.48,0,1.201,7.42,-46.8,14.128,5.48,0
2/14/2020,16:25:00,0,Default Site,2964.4,3798.9,102.1,102.1,10.36,1.99,3739.4,2431,1003.65,0,1.191,7.42,-46.7,14.149,5.48,0
2/14/2020,16:30:00,0,Default Site,2947.2,3775,102.1,102.1,10.35,1.97,3715.9,2415,996.54,0,1.187,7.42,-46.6,14.168,5.48,0
2/14/2020,16:35:00,0,Default Site,2909.4,3724.8,102.1,102.1,10.35,1.94,3666.5,2383,979.6,0,1.203,7.41,-46.4,14.188,5.48,0
2/14/2020,16:40:00,0,Default Site,2883.6,3690.1,102.1,102.1,10.35,1.93,3632.5,2361,967.81,0,1.19,7.41,-46.4,14.206,5.48,0
2/14/2020,16:45:00,0,Default Site,2845.9,3640.4,102.1,102.1,10.35,1.9,3583.5,2329,961.08,0,1.203,7.41,-46.2,14.224,5.48,0
2/14/2020,16:50:00,0,Default Site,2820.5,3606.2,102.1,102.1,10.35,1.88,3550,2307,951.18,0,1.197,7.41,-46.1,14.241,5.48,0
2/14/2020,16:55:00,0,Default Site,2794.7,3571.7,102.1,102.1,10.35,1.86,3516,2285,941.76,0,1.191,7.4,-45.9,14.259,5.48,0
2/14/2020,17:00:00,0,Default Site,2766.7,3534.6,102.1,102.1,10.34,1.84,3479.5,2262,924.14,0,1.202,7.4,-45.9,14.274,5.48,0
2/14/2020,17:05:00,0,Default Site,2737.8,3496.3,102.1,102.1,10.34,1.82,3441.9,2237,913.28,0,1.191,7.4,-45.8,14.29,5.48,0
2/14/2020,17:10:00,0,Default Site,2716.9,3468.2,102.2,102.2,10.34,1.8,3414.3,2219,905.33,0,1.198,7.4,-45.7,14.305,5.48,0
2/14/2020,17:15:00,0,Default Site,2689.7,3432.3,102.2,102.2,10.34,1.78,3378.9,2196,893.36,0,1.185,7.4,-45.6,14.32,5.48,0
2/14/2020,17:20:00,0,Default Site,2661.5,3395,102.2,102.2,10.34,1.76,3342.3,2173,891.36,0,1.188,7.4,-45.5,14.336,5.48,0
2/14/2020,17:25:00,0,Default Site,2636.4,3361.6,102.2,102.2,10.34,1.74,3309.5,2151,881.21,0,1.195,7.4,-45.5,14.352,5.48,0
2/14/2020,17:30:00,0,Default Site,2606.5,3322.3,102.2,102.2,10.34,1.72,3270.8,2126,869.44,0,1.19,7.39,-45.3,14.367,5.48,0
2/14/2020,17:35:00,0,Default Site,2570.1,3274.8,102.2,102.2,10.34,1.7,3224.1,2096,852.44,0,1.202,7.39,-45.3,14.38,5.48,0
2/14/2020,17:40:00,0,Default Site,2550.6,3248.8,102.2,102.2,10.33,1.68,3198.5,2079,843.9,0,1.185,7.39,-45,14.394,5.48,0
2/14/2020,17:45:00,0,Default Site,2523.3,3213,102.2,102.2,10.34,1.66,3163.3,2056,838.3,0,1.193,7.39,-44.9,14.408,5.47,0
2/14/2020,17:50:00,0,Default Site,2501.7,3184.4,102.2,102.2,10.33,1.65,3135.2,2038,831.96,0,1.191,7.38,-44.8,14.421,5.48,0
2/14/2020,17:55:00,0,Default Site,2474,3148.1,102.2,102.2,10.33,1.63,3099.4,2015,821.42,0,1.193,7.38,-44.8,14.435,5.47,0
2/14/2020,18:00:00,0,Default Site,2451.9,3118.8,102.2,102.2,10.33,1.61,3070.7,1996,808.56,0,1.191,7.38,-44.7,14.449,5.48,0
2/14/2020,18:05:00,0,Default Site,2429.6,3089.7,102.2,102.2,10.33,1.6,3042,1977,799.04,0,1.194,7.38,-44.6,14.46,5.48,0
2/14/2020,18:10:00,0,Default Site,2407.1,3060.1,102.2,102.2,10.33,1.58,3012.9,1958,792.01,0,1.19,7.38,-44.5,14.473,5.48,0
2/14/2020,18:15:00,0,Default Site,2379.6,3024.2,102.3,102.3,10.33,1.56,2977.6,1935,782.89,0,1.193,7.38,-44.4,14.486,5.48,0
2/14/2020,18:20:00,0,Default Site,2352.6,2988.9,102.3,102.3,10.33,1.54,2942.9,1913,776.73,0,1.19,7.37,-44.3,14.498,5.48,0
2/14/2020,18:25:00,0,Default Site,2318.5,2944.8,102.3,102.3,10.33,1.52,2899.5,1885,761.68,0,1.192,7.37,-44.2,14.51,5.47,0
2/14/2020,18:30:00,0,Default Site,2307.9,2930.3,102.3,102.3,10.32,1.51,2885.2,1875,761.97,0,1.19,7.37,-44,14.524,5.48,0
2/14/2020,18:35:00,0,Default Site,2273.6,2885.9,102.3,102.3,10.32,1.49,2841.6,1847,750.64,0,1.194,7.37,-43.9,14.536,5.47,0
2/14/2020,18:40:00,0,Default Site,2260.7,2868.7,102.3,102.3,10.32,1.48,2824.7,1836,742.98,0,1.19,7.36,-43.6,14.546,5.47,0
2/14/2020,18:45:00,0,Default Site,2238.4,2839.6,102.3,102.3,10.32,1.46,2796.1,1817,733.5,0,1.193,7.36,-43.6,14.558,5.47,0
2/14/2020,18:50:00,0,Default Site,2220.1,2815.6,102.3,102.3,10.32,1.45,2772.4,1802,726.49,0,1.194,7.36,-43.5,14.57,5.47,0
2/14/2020,18:55:00,0,Default Site,2188.2,2774.6,102.3,102.3,10.32,1.42,2732.1,1776,718.69,0,1.195,7.36,-43.3,14.576,5.47,0
2/14/2020,19:00:00,0,Default Site,2168.6,2749.1,102.3,102.3,10.32,1.41,2707,1760,712.23,0,1.193,7.36,-43.3,14.586,5.48,0
2/14/2020,19:05:00,0,Default Site,2149.1,2723.7,102.3,102.3,10.32,1.4,2682,1743,703.89,0,1.192,7.35,-43,14.598,5.47,0
2/14/2020,19:10:00,0,Default Site,2123.5,2690.5,102.3,102.3,10.31,1.38,2649.3,1722,693.96,0,1.191,7.35,-43,14.61,5.48,0
2/14/2020,19:15:00,0,Default Site,2113,2676.3,102.3,102.3,10.31,1.37,2635.4,1713,685.61,0,1.195,7.35,-42.9,14.621,5.48,0
2/14/2020,19:20:00,0,Default Site,2092.1,2649.2,102.3,102.3,10.31,1.36,2608.7,1696,684.77,0,1.19,7.35,-42.7,14.631,5.47,0
2/14/2020,19:25:00,0,Default Site,2065.3,2614.7,102.3,102.3,10.31,1.34,2574.8,1674,674.4,0,1.193,7.34,-42.4,14.64,5.47,0
2/14/2020,19:30:00,0,Default Site,2044.7,2588,102.3,102.3,10.31,1.32,2548.5,1657,662.35,0,1.193,7.34,-42.3,14.649,5.47,0
2/14/2020,19:35:00,0,Default Site,2022.3,2559.2,102.3,102.3,10.31,1.31,2520.2,1638,655.42,0,1.195,7.34,-42.2,14.657,5.47,0
2/14/2020,19:40:00,0,Default Site,2009.4,2542.2,102.3,102.3,10.31,1.3,2503.4,1627,651.22,0,1.192,7.33,-42.1,14.668,5.47,0
2/14/2020,19:45:00,0,Default Site,1980.3,2505.1,102.3,102.3,10.31,1.28,2466.9,1604,640.75,0,1.2,7.33,-41.8,14.672,5.47,0
2/14/2020,19:50:00,0,Default Site,1964.5,2484.6,102.3,102.3,10.31,1.27,2446.8,1590,640.81,0,1.189,7.33,-41.7,14.68,5.47,0
2/14/2020,19:55:00,0,Default Site,1937.5,2450,102.3,102.3,10.31,1.25,2412.7,1568,627.38,0,1.202,7.33,-41.5,14.688,5.47,0
2/14/2020,20:00:00,0,Default Site,1925.9,2434.6,102.3,102.3,10.3,1.24,2397.6,1558,623.29,0,1.191,7.32,-41.3,14.7,5.47,0
2/14/2020,20:05:00,0,Default Site,1913.1,2417.8,102.3,102.3,10.3,1.23,2381.1,1548,620.95,0,1.19,7.32,-41.3,14.711,5.47,0
2/14/2020,20:10:00,0,Default Site,1885.5,2382.5,102.3,102.3,10.3,1.21,2346.3,1525,604.61,0,1.194,7.32,-41.1,14.719,5.47,0
2/14/2020,20:15:00,0,Default Site,1865.6,2356.9,102.3,102.3,10.3,1.2,2321.1,1509,603.17,0,1.194,7.32,-41,14.727,5.47,0
2/14/2020,20:20:00,0,Default Site,1844.7,2330,102.3,102.3,10.3,1.19,2294.6,1492,588.86,0,1.193,7.31,-40.8,14.734,5.47,0
2/14/2020,20:25:00,0,Default Site,1826.1,2306,102.4,102.4,10.31,1.17,2271,1476,589.78,0,1.194,7.31,-40.8,14.744,5.47,0
2/14/2020,20:30:00,0,Default Site,1813.3,2289.3,102.4,102.4,10.31,1.16,2254.6,1465,580.5,0,1.195,7.31,-40.6,14.753,5.47,0
2/14/2020,20:35:00,0,Default Site,1795.2,2265.9,102.3,102.3,10.3,1.15,2231.5,1450,573.1,0,1.193,7.31,-40.5,14.763,5.47,0
2/14/2020,20:40:00,0,Default Site,1772,2236.2,102.4,102.4,10.31,1.14,2202.3,1431,568.8,0,1.193,7.3,-40.2,14.77,5.47,0
2/14/2020,20:45:00,0,Default Site,1753.5,2212.3,102.3,102.3,10.3,1.12,2178.8,1416,560.5,0,1.191,7.3,-40.1,14.779,5.47,0
2/14/2020,20:50:00,0,Default Site,1740.2,2195.1,102.3,102.3,10.29,1.11,2161.9,1405,556.83,0,1.193,7.3,-40,14.787,5.47,0
2/14/2020,20:55:00,0,Default Site,1717.3,2165.8,102.4,102.4,10.3,1.1,2133,1386,549.98,0,1.191,7.3,-39.9,14.796,5.47,0
2/14/2020,21:00:00,0,Default Site,1707.2,2152.5,102.3,102.3,10.29,1.09,2120,1378,551.69,0,1.193,7.29,-39.8,14.806,5.47,0
2/14/2020,21:05:00,0,Default Site,1677,2114.1,102.4,102.4,10.3,1.07,2082.1,1353,533.69,0,1.191,7.29,-39.7,14.814,5.47,0
2/14/2020,21:10:00,0,Default Site,1673.5,2109.1,102.3,102.3,10.29,1.07,2077.3,1350,538.34,0,1.193,7.29,-39.5,14.824,5.47,0
2/14/2020,21:15:00,0,Default Site,1654.7,2085,102.4,102.4,10.3,1.06,2053.5,1335,522.99,0,1.191,7.29,-39.5,14.832,5.47,0
2/14/2020,21:20:00,0,Default Site,1629.5,2053.1,102.3,102.3,10.29,1.04,2022.1,1314,522.17,0,1.204,7.29,-39.3,14.835,5.47,0
2/14/2020,21:25:00,0,Default Site,1619.6,2040.1,102.4,102.4,10.29,1.03,2009.3,1306,516.98,0,1.19,7.28,-39.1,14.847,5.47,0
2/14/2020,21:30:00,0,Default Site,1601.8,2017.3,102.3,102.3,10.29,1.02,1986.9,1291,511.33,0,1.198,7.28,-39,14.852,5.47,0
2/14/2020,21:35:00,0,Default Site,1588.5,2000.2,102.4,102.4,10.29,1.01,1970.1,1281,504.87,0,1.188,7.28,-38.8,14.859,5.47,0
2/14/2020,21:40:00,0,Default Site,1574,1981.6,102.3,102.3,10.29,1,1951.8,1269,499.53,0,1.19,7.27,-38.6,14.867,5.47,0
2/14/2020,21:45:00,0,Default Site,1553.9,1956.2,102.3,102.3,10.29,0.99,1926.7,1252,495.43,0,1.195,7.27,-38.5,14.871,5.46,0
2/14/2020,21:50:00,0,Default Site,1532.2,1928.5,102.3,102.3,10.29,0.97,1899.4,1235,485.33,0,1.195,7.27,-38.5,14.877,5.47,0
2/14/2020,21:55:00,0,Default Site,1524.6,1918.5,102.3,102.3,10.28,0.97,1889.6,1228,486.81,0,1.194,7.27,-38.3,14.885,5.47,0
2/14/2020,22:00:00,0,Default Site,1508,1897.3,102.3,102.3,10.28,0.96,1868.8,1215,476.89,0,1.204,7.27,-38.2,14.894,5.47,0
2/14/2020,22:05:00,0,Default Site,1497.9,1884.1,102.4,102.4,10.29,0.95,1855.7,1206,472.22,0,1.186,7.26,-38.1,14.903,5.47,0
2/14/2020,22:10:00,0,Default Site,1476.9,1857.5,102.4,102.4,10.28,0.93,1829.6,1189,468.84,0,1.194,7.26,-37.9,14.908,5.47,0
2/14/2020,22:15:00,0,Default Site,1465.3,1842.6,102.3,102.3,10.28,0.93,1814.9,1180,464.8,0,1.187,7.26,-37.8,14.915,5.47,0
2/14/2020,22:20:00,0,Default Site,1448.8,1821.5,102.3,102.3,10.28,0.92,1794.2,1166,460.87,0,1.203,7.26,-37.7,14.921,5.47,0
2/14/2020,22:25:00,0,Default Site,1437.1,1806.6,102.4,102.4,10.28,0.91,1779.4,1157,452.58,0,1.199,7.26,-37.6,14.927,5.47,0
2/14/2020,22:30:00,0,Default Site,1416.8,1780.9,102.4,102.4,10.28,0.89,1754.2,1140,447.7,0,1.197,7.25,-37.4,14.931,5.47,0
2/14/2020,22:35:00,0,Default Site,1405.6,1766.4,102.3,102.3,10.28,0.89,1739.9,1131,445.78,0,1.194,7.25,-37.3,14.94,5.47,0
2/14/2020,22:40:00,0,Default Site,1387.4,1743.3,102.4,102.4,10.29,0.87,1717.2,1116,439.93,0,1.191,7.25,-37.2,14.945,5.47,0
2/14/2020,22:45:00,0,Default Site,1376.7,1729.5,102.3,102.3,10.27,0.87,1703.5,1107,433.6,0,1.188,7.25,-37.1,14.954,5.46,0
2/14/2020,22:50:00,0,Default Site,1367,1717,102.4,102.4,10.28,0.86,1691.2,1099,431.41,0,1.191,7.25,-37,14.961,5.47,0
2/14/2020,22:55:00,0,Default Site,1351.9,1697.8,102.4,102.4,10.28,0.85,1672.4,1087,424.11,0,1.193,7.24,-36.8,14.967,5.46,0
2/14/2020,23:00:00,0,Default Site,1336.3,1678,102.4,102.4,10.28,0.84,1652.8,1074,423.18,0,1.194,7.24,-36.7,14.973,5.46,0
2/14/2020,23:05:00,0,Default Site,1322.4,1660.2,102.3,102.3,10.27,0.83,1635.3,1063,413.91,0,1.193,7.24,-36.6,14.98,5.46,0
2/14/2020,23:10:00,0,Default Site,1311.5,1646.3,102.3,102.3,10.27,0.82,1621.6,1054,411.55,0,1.193,7.24,-36.5,14.985,5.47,0
2/14/2020,23:15:00,0,Default Site,1296.5,1627.3,102.3,102.3,10.27,0.81,1602.9,1042,407.34,0,1.194,7.23,-36.4,14.991,5.46,0
2/14/2020,23:20:00,0,Default Site,1285.2,1612.9,102.4,102.4,10.27,0.81,1588.7,1033,404.29,0,1.194,7.23,-36.3,14.996,5.47,0
2/14/2020,23:25:00,0,Default Site,1268.7,1592.1,102.4,102.4,10.28,0.8,1568.2,1019,397.69,0,1.193,7.23,-36.1,15,5.46,0
2/14/2020,23:30:00,0,Default Site,1256.1,1576,102.3,102.3,10.27,0.79,1552.4,1009,393.81,0,1.191,7.23,-36,15.007,5.47,0
2/14/2020,23:35:00,0,Default Site,1245.8,1562.7,102.4,102.4,10.27,0.78,1539.4,1001,391.87,0,1.192,7.22,-35.7,15.014,5.46,0
2/14/2020,23:40:00,0,Default Site,1234.2,1547.9,102.3,102.3,10.27,0.77,1524.8,991,381.58,0,1.191,7.22,-35.8,15.02,5.46,0
2/14/2020,23:45:00,0,Default Site,1222.8,1533.5,102.3,102.3,10.27,0.76,1510.6,982,379.44,0,1.194,7.22,-35.6,15.027,5.46,0
2/14/2020,23:50:00,0,Default Site,1204.4,1510.2,102.3,102.3,10.27,0.75,1487.6,967,375.63,0,1.191,7.22,-35.5,15.031,5.46,0
2/14/2020,23:55:00,0,Default Site,1191.8,1494.3,102.4,102.4,10.27,0.74,1472,957,375.06,0,1.204,7.22,-35.4,15.036,5.46,0
2/15/2020,0:00:00,0,Default Site,1184.6,1484.9,102.4,102.4,10.27,0.74,1462.8,951,367.15,0,1.188,7.21,-35.1,15.045,5.46,0
2/15/2020,0:05:00,0,Default Site,1169.6,1466,102.4,102.4,10.27,0.73,1444.1,939,363.19,0,1.189,7.21,-35.1,15.046,5.46,0
2/15/2020,0:10:00,0,Default Site,1159.9,1453.6,102.4,102.4,10.27,0.72,1431.9,931,361.13,0,1.193,7.21,-35,15.054,5.46,0
2/15/2020,0:15:00,0,Default Site,1144.9,1434.8,102.3,102.3,10.26,0.71,1413.4,919,353.55,0,1.195,7.21,-34.7,15.055,5.46,0
2/15/2020,0:20:00,0,Default Site,1134.3,1421.2,102.4,102.4,10.27,0.71,1400,910,353.7,0,1.194,7.21,-34.7,15.063,5.46,0
2/15/2020,0:25:00,0,Default Site,1123.2,1407.2,102.4,102.4,10.27,0.7,1386.3,901,349.66,0,1.193,7.2,-34.6,15.066,5.46,0
2/15/2020,0:30:00,0,Default Site,1112.2,1393.3,102.4,102.4,10.27,0.69,1372.6,892,343.3,0,1.194,7.2,-34.5,15.069,5.46,0
2/15/2020,0:35:00,0,Default Site,1103.7,1382.5,102.4,102.4,10.27,0.69,1361.9,885,340.18,0,1.194,7.2,-34.3,15.074,5.46,0
2/15/2020,0:40:00,0,Default Site,1091.4,1366.9,102.4,102.4,10.26,0.68,1346.6,875,339.37,0,1.194,7.2,-34.4,15.078,5.46,0
2/15/2020,0:45:00,0,Default Site,1083.3,1356.5,102.3,102.3,10.26,0.67,1336.4,869,333.34,0,1.194,7.2,-34.3,15.084,5.46,0
2/15/2020,0:50:00,0,Default Site,1065.5,1334.3,102.4,102.4,10.27,0.66,1314.5,854,328.82,0,1.191,7.2,-34.3,15.084,5.46,0
2/15/2020,0:55:00,0,Default Site,1060.2,1327.4,102.4,102.4,10.26,0.66,1307.7,850,325.02,0,1.194,7.19,-34,15.091,5.46,0
2/15/2020,1:00:00,0,Default Site,1047.1,1311,102.4,102.4,10.26,0.65,1291.6,840,325.47,0,1.192,7.19,-34,15.089,5.46,0
2/15/2020,1:05:00,0,Default Site,1038.9,1300.6,102.3,102.3,10.26,0.64,1281.3,833,317.75,0,1.205,7.19,-33.9,15.096,5.46,0
2/15/2020,1:10:00,0,Default Site,1024.9,1283.1,102.3,102.3,10.26,0.63,1264,822,318.32,0,1.188,7.19,-33.7,15.097,5.46,0
2/15/2020,1:15:00,0,Default Site,1017.1,1273.2,102.4,102.4,10.26,0.63,1254.2,815,312.15,0,1.196,7.19,-33.7,15.1,5.46,0
2/15/2020,1:20:00,0,Default Site,1004.4,1257.3,102.4,102.4,10.26,0.62,1238.6,805,308.54,0,1.186,7.19,-33.6,15.101,5.46,0
2/15/2020,1:25:00,0,Default Site,997.8,1248.8,102.4,102.4,10.26,0.62,1230.2,800,304.23,0,1.187,7.18,-33.5,15.106,5.46,0
2/15/2020,1:30:00,0,Default Site,985.5,1233.4,102.4,102.4,10.26,0.61,1215.1,790,302.39,0,1.202,7.18,-33.4,15.109,5.46,0
2/15/2020,1:35:00,0,Default Site,975.4,1220.6,102.4,102.4,10.26,0.6,1202.5,782,301.12,0,1.202,7.18,-33.3,15.112,5.46,0
2/15/2020,1:40:00,0,Default Site,969.8,1213.4,102.4,102.4,10.26,0.6,1195.4,777,297.18,0,1.19,7.18,-33.2,15.117,5.46,0
2/15/2020,1:45:00,0,Default Site,958.1,1198.7,102.4,102.4,10.26,0.59,1180.9,768,294.78,0,1.191,7.18,-33,15.121,5.46,0
2/15/2020,1:50:00,0,Default Site,949.5,1187.9,102.4,102.4,10.26,0.59,1170.3,761,288.13,0,1.202,7.17,-32.9,15.125,5.46,0
2/15/2020,1:55:00,0,Default Site,937.7,1173.1,102.4,102.4,10.26,0.58,1155.7,751,290.41,0,1.192,7.17,-32.8,15.126,5.46,0
2/15/2020,2:00:00,0,Default Site,928.4,1161.4,102.4,102.4,10.26,0.57,1144.2,744,280.96,0,1.192,7.17,-32.7,15.127,5.46,0
2/15/2020,2:05:00,0,Default Site,916,1145.7,102.4,102.4,10.26,0.56,1128.7,734,276.56,0,1.192,7.17,-32.7,15.131,5.46,0
2/15/2020,2:10:00,0,Default Site,910.6,1138.9,102.4,102.4,10.26,0.56,1122,729,281.96,0,1.193,7.17,-32.6,15.135,5.46,0
2/15/2020,2:15:00,0,Default Site,900.2,1125.8,102.4,102.4,10.26,0.55,1109.1,721,273.76,0,1.191,7.16,-32.4,15.138,5.46,0
2/15/2020,2:20:00,0,Default Site,893.1,1116.9,102.4,102.4,10.26,0.55,1100.4,715,272.87,0,1.192,7.16,-32.2,15.139,5.46,0
2/15/2020,2:25:00,0,Default Site,884.7,1106.3,102.4,102.4,10.26,0.54,1089.9,708,270.43,0,1.195,7.16,-32.2,15.145,5.46,0
2/15/2020,2:30:00,0,Default Site,870.4,1088.5,102.4,102.4,10.26,0.53,1072.3,697,268.35,0,1.195,7.16,-32.1,15.14,5.46,0
2/15/2020,2:35:00,0,Default Site,866.6,1083.5,102.4,102.4,10.26,0.53,1067.5,694,261.7,0,1.194,7.16,-32,15.148,5.46,0
2/15/2020,2:40:00,0,Default Site,858.6,1073.3,102.4,102.4,10.26,0.53,1057.4,687,264.69,0,1.193,7.15,-31.8,15.153,5.46,0
2/15/2020,2:45:00,0,Default Site,851,1063.8,102.4,102.4,10.26,0.52,1048,681,257.42,0,1.192,7.15,-31.8,15.157,5.46,0
2/15/2020,2:50:00,0,Default Site,841.5,1051.9,102.4,102.4,10.26,0.52,1036.3,674,253.67,0,1.193,7.15,-31.7,15.158,5.46,0
2/15/2020,2:55:00,0,Default Site,828,1035,102.4,102.4,10.26,0.51,1019.7,663,249.49,0,1.192,7.15,-31.6,15.156,5.45,0
2/15/2020,3:00:00,0,Default Site,822.9,1028.6,102.4,102.4,10.26,0.5,1013.4,659,248.2,0,1.194,7.15,-31.5,15.162,5.46,0
2/15/2020,3:05:00,0,Default Site,816.3,1020.2,102.4,102.4,10.26,0.5,1005.1,653,244.77,0,1.194,7.15,-31.4,15.164,5.46,0
2/15/2020,3:10:00,0,Default Site,806,1007.3,102.4,102.4,10.26,0.49,992.4,645,243.47,0,1.193,7.15,-31.5,15.166,5.45,0
2/15/2020,3:15:00,0,Default Site,799.7,999.3,102.4,102.4,10.26,0.49,984.5,640,243.81,0,1.193,7.14,-31.2,15.169,5.46,0
2/15/2020,3:20:00,0,Default Site,791.6,989.2,102.4,102.4,10.25,0.48,974.6,633,239.3,0,1.194,7.14,-31.1,15.172,5.46,0
2/15/2020,3:25:00,0,Default Site,781.6,976.7,102.4,102.4,10.26,0.48,962.3,625,239.08,0,1.191,7.14,-31,15.17,5.46,0
2/15/2020,3:30:00,0,Default Site,774.5,967.8,102.4,102.4,10.26,0.47,953.5,620,233.81,0,1.192,7.14,-30.8,15.172,5.46,0
2/15/2020,3:35:00,0,Default Site,768.9,960.7,102.4,102.4,10.26,0.47,946.5,615,231.43,0,1.192,7.14,-30.9,15.176,5.45,0
2/15/2020,3:40:00,0,Default Site,759.7,949.1,102.4,102.4,10.26,0.46,935.1,608,227.97,0,1.192,7.14,-30.9,15.179,5.46,0
2/15/2020,3:45:00,0,Default Site,752,939.5,102.4,102.4,10.25,0.46,925.6,602,228.06,0,1.191,7.14,-30.8,15.183,5.45,0
2/15/2020,3:50:00,0,Default Site,745.1,930.7,102.4,102.4,10.26,0.45,917,596,223.1,0,1.205,7.14,-30.9,15.185,5.46,0
2/15/2020,3:55:00,0,Default Site,734.9,918.1,102.4,102.4,10.26,0.45,904.5,588,223.34,0,1.186,7.13,-30.7,15.183,5.46,0
2/15/2020,4:00:00,0,Default Site,728.1,909.5,102.4,102.4,10.26,0.44,896.1,582,222.18,0,1.199,7.13,-30.6,15.184,5.46,0
2/15/2020,4:05:00,0,Default Site,719.9,899.3,102.4,102.4,10.26,0.44,886,576,220.3,0,1.192,7.13,-30.4,15.184,5.46,0
2/15/2020,4:10:00,0,Default Site,715.9,894.2,102.4,102.4,10.26,0.44,881,573,215.88,0,1.19,7.13,-30.3,15.19,5.46,0
2/15/2020,4:15:00,0,Default Site,706.5,882.5,102.4,102.4,10.26,0.43,869.5,565,213.97,0,1.193,7.13,-30.3,15.187,5.46,0
2/15/2020,4:20:00,0,Default Site,700.2,874.6,102.4,102.4,10.26,0.43,861.7,560,213.85,0,1.191,7.12,-29.9,15.189,5.46,0
2/15/2020,4:25:00,0,Default Site,693.2,865.9,102.4,102.4,10.26,0.42,853.1,555,208.27,0,1.193,7.12,-29.9,15.189,5.45,0
2/15/2020,4:30:00,0,Default Site,686.7,857.8,102.4,102.4,10.26,0.42,845.1,549,210.15,0,1.191,7.12,-30,15.19,5.45,0
2/15/2020,4:35:00,0,Default Site,680.8,850.2,102.4,102.4,10.26,0.41,837.7,544,204.73,0,1.204,7.12,-29.7,15.194,5.46,0
2/15/2020,4:40:00,0,Default Site,670.4,837.3,102.4,102.4,10.26,0.41,825,536,203.06,0,1.187,7.12,-29.6,15.192,5.46,0
2/15/2020,4:45:00,0,Default Site,665.8,831.5,102.4,102.4,10.26,0.4,819.2,532,201.4,0,1.192,7.12,-29.7,15.196,5.45,0
2/15/2020,4:50:00,0,Default Site,660.4,824.7,102.4,102.4,10.26,0.4,812.5,528,199.02,0,1.195,7.12,-29.7,15.199,5.45,0
2/15/2020,4:55:00,0,Default Site,651.7,813.9,102.4,102.4,10.26,0.4,801.9,521,194.85,0,1.191,7.12,-29.7,15.195,5.45,0
2/15/2020,5:00:00,0,Default Site,646.5,807.4,102.4,102.4,10.26,0.39,795.5,517,192.08,0,1.192,7.11,-29.5,15.198,5.46,0
2/15/2020,5:05:00,0,Default Site,637.6,796.2,102.4,102.4,10.26,0.39,784.5,510,191.35,0,1.194,7.12,-29.8,15.197,5.46,0
2/15/2020,5:10:00,0,Default Site,633,790.5,102.4,102.4,10.26,0.38,778.8,506,190.93,0,1.194,7.11,-29.4,15.198,5.46,0
2/15/2020,5:15:00,0,Default Site,627.2,783.1,102.4,102.4,10.26,0.38,771.6,502,188.59,0,1.193,7.11,-29.4,15.202,5.45,0
2/15/2020,5:20:00,0,Default Site,620.7,775,102.4,102.4,10.26,0.38,763.5,496,183.66,0,1.192,7.11,-29.2,15.203,5.46,0
2/15/2020,5:25:00,0,Default Site,614.3,767,102.4,102.4,10.26,0.37,755.7,491,188.11,0,1.191,7.1,-29,15.203,5.45,0
2/15/2020,5:30:00,0,Default Site,607.9,759,102.4,102.4,10.26,0.37,747.8,486,185.63,0,1.194,7.11,-29,15.206,5.45,0
2/15/2020,5:35:00,0,Default Site,602.8,752.6,102.4,102.4,10.26,0.36,741.5,482,180.85,0,1.191,7.1,-29,15.212,5.45,0
2/15/2020,5:40:00,0,Default Site,596.1,744.2,102.4,102.4,10.26,0.36,733.2,477,176.2,0,1.192,7.1,-28.8,15.21,5.45,0
2/15/2020,5:45:00,0,Default Site,589.4,735.8,102.4,102.4,10.26,0.36,724.9,471,177.1,0,1.192,7.1,-28.5,15.212,5.45,0
2/15/2020,5:50:00,0,Default Site,583.1,727.9,102.4,102.4,10.26,0.35,717.2,466,172.94,0,1.194,7.09,-28.3,15.214,5.45,0
2/15/2020,5:55:00,0,Default Site,580.1,724.1,102.4,102.4,10.25,0.35,713.4,464,175.12,0,1.191,7.09,-28.2,15.218,5.45,0
2/15/2020,6:00:00,0,Default Site,572.7,714.9,102.4,102.4,10.26,0.35,704.3,458,171.83,0,1.203,7.09,-28.1,15.218,5.45,0
2/15/2020,6:05:00,0,Default Site,567.4,708.2,102.4,102.4,10.25,0.34,697.8,454,170.75,0,1.197,7.09,-28.2,15.218,5.45,0
2/15/2020,6:10:00,0,Default Site,561.4,700.7,102.4,102.4,10.25,0.34,690.4,449,166.56,0,1.196,7.09,-28,15.221,5.45,0
2/15/2020,6:15:00,0,Default Site,556.5,694.6,102.4,102.4,10.25,0.34,684.4,445,167.37,0,1.195,7.09,-28.2,15.222,5.45,0
2/15/2020,6:20:00,0,Default Site,550.4,687,102.4,102.4,10.25,0.33,676.8,440,164.28,0,1.205,7.09,-27.9,15.221,5.45,0
2/15/2020,6:25:00,0,Default Site,546.4,681.9,102.4,102.4,10.25,0.33,671.9,437,163.35,0,1.187,7.08,-27.7,15.225,5.45,0
2/15/2020,6:30:00,0,Default Site,541.7,675.9,102.4,102.4,10.25,0.33,665.9,433,161.7,0,1.191,7.08,-27.8,15.229,5.45,0
2/15/2020,6:35:00,0,Default Site,534.5,666.9,102.4,102.4,10.25,0.32,657.1,427,160.95,0,1.186,7.08,-27.8,15.231,5.45,0
2/15/2020,6:40:00,0,Default Site,530.1,661.4,102.4,102.4,10.26,0.32,651.7,424,156.67,0,1.192,7.08,-27.8,15.23,5.45,0
2/15/2020,6:45:00,0,Default Site,522.9,652.6,102.4,102.4,10.26,0.31,642.9,418,156.55,0,1.191,7.08,-27.7,15.224,5.45,0
2/15/2020,6:50:00,0,Default Site,517.9,646.3,102.4,102.4,10.25,0.31,636.7,414,155.25,0,1.197,7.08,-27.6,15.227,5.45,0
2/15/2020,6:55:00,0,Default Site,513.8,641.2,102.4,102.4,10.25,0.31,631.7,411,152.16,0,1.191,7.08,-27.5,15.23,5.45,0
2/15/2020,7:00:00,0,Default Site,508.5,634.4,102.4,102.4,10.25,0.31,625.1,406,151.97,0,1.202,7.08,-27.4,15.234,5.45,0
2/15/2020,7:05:00,0,Default Site,502.7,627.3,102.4,102.4,10.25,0.3,618,402,148.05,0,1.19,7.07,-27.2,15.231,5.45,0
2/15/2020,7:10:00,0,Default Site,499,622.6,102.4,102.4,10.26,0.3,613.5,399,148.26,0,1.198,7.07,-27.2,15.233,5.45,0
2/15/2020,7:15:00,0,Default Site,494.2,616.6,102.4,102.4,10.25,0.3,607.6,395,147.61,0,1.19,7.07,-27.1,15.236,5.45,0
2/15/2020,7:20:00,0,Default Site,489.8,611.1,102.4,102.4,10.26,0.29,602.1,391,146.02,0,1.191,7.07,-26.7,15.238,5.45,0
2/15/2020,7:25:00,0,Default Site,484.4,604.3,102.4,102.4,10.25,0.29,595.4,387,143.14,0,1.201,7.07,-26.9,15.239,5.45,0
2/15/2020,7:30:00,0,Default Site,479.6,598.3,102.4,102.4,10.25,0.29,589.5,383,141.12,0,1.194,7.06,-26.7,15.243,5.45,0
2/15/2020,7:35:00,0,Default Site,475.9,593.6,102.4,102.4,10.25,0.29,584.9,380,139.08,0,1.19,7.06,-26.7,15.245,5.45,0
2/15/2020,7:40:00,0,Default Site,469.7,585.9,102.4,102.4,10.25,0.28,577.3,375,138.73,0,1.188,7.06,-26.5,15.243,5.45,0
2/15/2020,7:45:00,0,Default Site,464.6,579.6,102.4,102.4,10.25,0.28,571.1,371,137.92,0,1.186,7.06,-26.7,15.244,5.45,0
2/15/2020,7:50:00,0,Default Site,461.5,575.6,102.3,102.3,10.25,0.28,567.1,369,137.32,0,1.188,7.06,-26.3,15.248,5.45,0
2/15/2020,7:55:00,0,Default Site,454.9,567.4,102.4,102.4,10.25,0.27,559,363,132.61,0,1.204,7.05,-26,15.246,5.45,0
2/15/2020,8:00:00,0,Default Site,451.8,563.5,102.4,102.4,10.25,0.27,555.2,361,129.6,0,1.186,7.06,-26.3,15.25,5.45,0
2/15/2020,8:05:00,0,Default Site,447.9,558.6,102.4,102.4,10.25,0.27,550.3,358,133.41,0,1.191,7.05,-26,15.252,5.45,0
2/15/2020,8:10:00,0,Default Site,443.7,553.3,102.4,102.4,10.25,0.27,545.2,354,131.45,0,1.194,7.05,-26,15.253,5.45,0
2/15/2020,8:15:00,0,Default Site,439.6,548.2,102.4,102.4,10.25,0.26,540.1,351,128.22,0,1.191,7.05,-25.9,15.252,5.45,0
2/15/2020,8:20:00,0,Default Site,433.5,540.6,102.3,102.3,10.25,0.26,532.7,346,127.85,0,1.204,7.05,-26.1,15.252,5.45,0
2/15/2020,8:25:00,0,Default Site,429.8,536.1,102.3,102.3,10.25,0.26,528.2,343,126.26,0,1.187,7.05,-26,15.25,5.45,0
2/15/2020,8:30:00,0,Default Site,426.2,531.6,102.4,102.4,10.25,0.25,523.7,340,125.03,0,1.197,7.05,-25.7,15.253,5.45,0
2/15/2020,8:35:00,0,Default Site,420.2,524,102.3,102.3,10.25,0.25,516.3,336,122.7,0,1.187,7.05,-25.6,15.255,5.45,0
2/15/2020,8:40:00,0,Default Site,418.4,521.8,102.3,102.3,10.25,0.25,514.1,334,121.48,0,1.189,7.05,-25.7,15.259,5.45,0
2/15/2020,8:45:00,0,Default Site,413.9,516.2,102.3,102.3,10.25,0.25,508.6,331,122.81,0,1.194,7.05,-25.8,15.26,5.45,0
2/15/2020,8:50:00,0,Default Site,409.3,510.4,102.3,102.3,10.25,0.24,502.9,327,119.73,0,1.194,7.04,-25.6,15.26,5.45,0
2/15/2020,8:55:00,0,Default Site,406.6,507,102.3,102.3,10.25,0.24,499.5,325,118.18,0,1.193,7.04,-25.5,15.265,5.45,0
2/15/2020,9:00:00,0,Default Site,400.5,499.4,102.3,102.3,10.25,0.24,492,320,116.22,0,1.194,7.05,-25.6,15.266,5.45,0
2/15/2020,9:05:00,0,Default Site,398.4,496.6,102.3,102.3,10.24,0.24,489.3,318,116.54,0,1.193,7.04,-25.5,15.269,5.45,0
2/15/2020,9:10:00,0,Default Site,394.1,491.2,102.3,102.3,10.24,0.23,484,315,113.38,0,1.192,7.04,-25.5,15.27,5.45,0
2/15/2020,9:15:00,0,Default Site,389.9,486.1,102.3,102.3,10.25,0.23,478.9,311,112,0,1.192,7.04,-25.3,15.27,5.45,0
2/15/2020,9:20:00,0,Default Site,387.1,482.5,102.3,102.3,10.24,0.23,475.4,309,110.84,0,1.19,7.04,-25.4,15.275,5.45,0
2/15/2020,9:25:00,0,Default Site,382.9,477.3,102.3,102.3,10.24,0.23,470.3,306,111.46,0,1.193,7.04,-25.2,15.276,5.45,0
2/15/2020,9:30:00,0,Default Site,379.4,472.9,102.3,102.3,10.25,0.23,465.9,303,108.34,0,1.192,7.04,-25.2,15.277,5.45,0
2/15/2020,9:35:00,0,Default Site,376,468.6,102.3,102.3,10.24,0.22,461.7,300,105.75,0,1.193,7.04,-25.2,15.277,5.45,0
2/15/2020,9:40:00,0,Default Site,371.9,463.5,102.3,102.3,10.24,0.22,456.7,297,106.15,0,1.192,7.04,-25.1,15.28,5.45,0
2/15/2020,9:45:00,0,Default Site,366.9,457.3,102.3,102.3,10.24,0.22,450.6,293,104.45,0,1.192,7.03,-25,15.278,5.44,0
2/15/2020,9:50:00,0,Default Site,365.1,455,102.3,102.3,10.24,0.22,448.3,291,105.54,0,1.192,7.03,-24.9,15.286,5.45,0
2/15/2020,9:55:00,0,Default Site,361.4,450.3,102.3,102.3,10.24,0.21,443.7,288,103.41,0,1.194,7.03,-24.7,15.286,5.45,0
2/15/2020,10:00:00,0,Default Site,358.8,447,102.3,102.3,10.24,0.21,440.4,286,101.67,0,1.194,7.03,-24.8,15.292,5.44,0
2/15/2020,10:05:00,0,Default Site,354.4,441.5,102.3,102.3,10.24,0.21,435,283,101.49,0,1.193,7.03,-24.5,15.291,5.45,0
2/15/2020,10:10:00,0,Default Site,350.4,436.6,102.3,102.3,10.24,0.21,430.2,280,100.12,0,1.191,7.03,-24.6,15.289,5.45,0
2/15/2020,10:15:00,0,Default Site,347.1,432.4,102.3,102.3,10.24,0.21,426.1,277,98.94,0,1.205,7.02,-24.4,15.291,5.45,0
2/15/2020,10:20:00,0,Default Site,344.7,429.4,102.3,102.3,10.24,0.2,423.1,275,96.1,0,1.191,7.02,-24.2,15.296,5.45,0
2/15/2020,10:25:00,0,Default Site,340.5,424.2,102.3,102.3,10.24,0.2,417.9,272,97.62,0,1.198,7.02,-24.2,15.296,5.45,0
2/15/2020,10:30:00,0,Default Site,338.1,421.1,102.3,102.3,10.24,0.2,414.9,270,95.93,0,1.187,7.02,-24.2,15.3,5.45,0
2/15/2020,10:35:00,0,Default Site,334.8,417.1,102.3,102.3,10.24,0.2,411,267,93.36,0,1.19,7.02,-24.3,15.302,5.45,0
2/15/2020,10:40:00,0,Default Site,330.8,412,102.3,102.3,10.23,0.2,406,264,91.79,0,1.193,7.02,-24.1,15.303,5.45,0
2/15/2020,10:45:00,0,Default Site,328.9,409.6,102.3,102.3,10.23,0.19,403.6,262,91.46,0,1.191,7.02,-23.9,15.309,5.44,0
2/15/2020,10:50:00,0,Default Site,325,404.7,102.3,102.3,10.23,0.19,398.8,259,89.78,0,1.202,7.01,-23.7,15.309,5.45,0
2/15/2020,10:55:00,0,Default Site,322.7,401.8,102.3,102.3,10.23,0.19,395.9,257,88.51,0,1.187,7.01,-23.7,15.314,5.44,0
2/15/2020,11:00:00,0,Default Site,319,397.2,102.3,102.3,10.23,0.19,391.4,254,90.06,0,1.197,7.01,-23.7,15.316,5.45,0
2/15/2020,11:05:00,0,Default Site,316.2,393.7,102.2,102.2,10.23,0.19,388,252,88.21,0,1.188,7.01,-23.5,15.317,5.45,0
2/15/2020,11:10:00,0,Default Site,313.5,390.4,102.3,102.3,10.23,0.19,384.7,250,86.25,0,1.186,7.01,-23.6,15.321,5.45,0
2/15/2020,11:15:00,0,Default Site,309.3,385.1,102.2,102.2,10.23,0.18,379.5,247,85.22,0,1.197,7.01,-23.4,15.319,5.45,0
2/15/2020,11:20:00,0,Default Site,308.4,384,102.2,102.2,10.23,0.18,378.3,246,84.75,0,1.192,7.01,-23.6,15.324,5.45,0
2/15/2020,11:25:00,0,Default Site,305.1,379.8,102.2,102.2,10.23,0.18,374.2,243,84.04,0,1.195,7.01,-23.6,15.323,5.44,0
2/15/2020,11:30:00,0,Default Site,301,374.8,102.2,102.2,10.23,0.18,369.3,240,81.7,0,1.196,7,-23.2,15.318,5.45,0
2/15/2020,11:35:00,0,Default Site,298.2,371.3,102.2,102.2,10.23,0.18,365.9,238,80.81,0,1.197,7,-23.2,15.317,5.45,0
2/15/2020,11:40:00,0,Default Site,296.2,368.8,102.2,102.2,10.23,0.17,363.4,236,81.08,0,1.201,7,-23.1,15.316,5.45,0
2/15/2020,11:45:00,0,Default Site,292.3,364,102.3,102.3,10.23,0.17,358.7,233,80.11,0,1.197,7,-22.9,15.312,5.45,0
2/15/2020,11:50:00,0,Default Site,289.8,360.8,102.2,102.2,10.23,0.17,355.5,231,79.01,0,1.191,6.99,-22.6,15.317,5.44,0
2/15/2020,11:55:00,0,Default Site,288,358.5,102.2,102.2,10.23,0.17,353.3,230,77.98,0,1.188,7,-23,15.318,5.44,0
2/15/2020,12:00:00,0,Default Site,285.2,355.1,102.2,102.2,10.23,0.17,349.9,227,77.16,0,1.201,7,-22.9,15.318,5.45,0
2/15/2020,12:05:00,0,Default Site,282.8,352.1,102.2,102.2,10.23,0.17,347,226,74.82,0,1.198,7,-22.9,15.318,5.44,0
2/15/2020,12:10:00,0,Default Site,278.9,347.3,102.2,102.2,10.23,0.16,342.2,222,74.96,0,1.194,7,-22.8,15.317,5.44,0
2/15/2020,12:15:00,0,Default Site,276.8,344.7,102.2,102.2,10.22,0.16,339.6,221,73.76,0,1.193,6.99,-22.5,15.318,5.44,0
2/15/2020,12:20:00,0,Default Site,274.6,341.9,102.2,102.2,10.22,0.16,336.9,219,73.32,0,1.191,6.99,-22.5,15.322,5.44,0
2/15/2020,12:25:00,0,Default Site,271.9,338.5,102.2,102.2,10.22,0.16,333.5,217,72.74,0,1.193,6.99,-22.5,15.321,5.44,0
2/15/2020,12:30:00,0,Default Site,268.9,334.8,102.2,102.2,10.22,0.16,329.9,214,71.94,0,1.193,6.99,-22.6,15.321,5.44,0
2/15/2020,12:35:00,0,Default Site,266,331.2,102.2,102.2,10.22,0.16,326.3,212,70.57,0,1.191,6.98,-22.1,15.319,5.44,0
2/15/2020,12:40:00,0,Default Site,264.5,329.3,102.2,102.2,10.22,0.16,324.4,211,68.8,0,1.193,6.99,-22.5,15.321,5.45,0
2/15/2020,12:45:00,0,Default Site,261.8,326,102.2,102.2,10.22,0.15,321.2,209,70.08,0,1.192,6.98,-22,15.323,5.44,0
2/15/2020,12:50:00,0,Default Site,258.4,321.7,102.2,102.2,10.22,0.15,317,206,67.11,0,1.194,6.98,-22.1,15.321,5.44,0
2/15/2020,12:55:00,0,Default Site,256.1,318.9,102.1,102.1,10.22,0.15,314.2,204,68.77,0,1.191,6.98,-21.9,15.323,5.44,0
2/15/2020,13:00:00,0,Default Site,254.8,317.2,102.1,102.1,10.22,0.15,312.5,203,67.11,0,1.205,6.98,-21.6,15.324,5.44,0
2/15/2020,13:05:00,0,Default Site,252.5,314.3,102.1,102.1,10.22,0.15,309.7,201,66.01,0,1.19,6.98,-21.7,15.328,5.44,0
2/15/2020,13:10:00,0,Default Site,250.1,311.3,102.1,102.1,10.21,0.15,306.7,199,65.47,0,1.201,6.97,-21.4,15.329,5.44,0
2/15/2020,13:15:00,0,Default Site,248.2,309,102.1,102.1,10.22,0.15,304.5,198,65.76,0,1.194,6.97,-21.3,15.33,5.44,0
2/15/2020,13:20:00,0,Default Site,245.4,305.4,102.1,102.1,10.22,0.14,300.9,196,63.16,0,1.19,6.96,-20.6,15.33,5.44,0
2/15/2020,13:25:00,0,Default Site,243.1,302.6,102.1,102.1,10.22,0.14,298.2,194,63.81,0,1.193,6.97,-21,15.329,5.44,0
2/15/2020,13:30:00,0,Default Site,241.3,300.3,102.1,102.1,10.21,0.14,295.9,192,63.28,0,1.192,6.96,-21,15.329,5.44,0
2/15/2020,13:35:00,0,Default Site,238.8,297.2,102,102,10.21,0.14,292.9,190,62.16,0,1.192,6.97,-21.2,15.329,5.44,0
2/15/2020,13:40:00,0,Default Site,236.3,294.1,102.1,102.1,10.21,0.14,289.8,188,60.93,0,1.192,6.97,-21.1,15.328,5.44,0
2/15/2020,13:45:00,0,Default Site,235.2,292.8,102,102,10.21,0.14,288.5,188,60.3,0,1.193,6.96,-21,15.332,5.44,0
2/15/2020,13:50:00,0,Default Site,232.3,289.2,102,102,10.21,0.14,285,185,60.08,0,1.19,6.97,-21.2,15.327,5.44,0
2/15/2020,13:55:00,0,Default Site,230.6,287.1,102,102,10.21,0.14,282.9,184,59.4,0,1.199,6.96,-20.8,15.329,5.44,0
2/15/2020,14:00:00,0,Default Site,228.8,284.9,102,102,10.21,0.13,280.7,182,57.02,0,1.185,6.96,-21,15.33,5.44,0
2/15/2020,14:05:00,0,Default Site,226,281.4,102,102,10.2,0.13,277.2,180,58.08,0,1.192,6.96,-20.9,15.332,5.44,0
2/15/2020,14:10:00,0,Default Site,224.3,279.2,102,102,10.21,0.13,275.1,179,56.6,0,1.196,6.97,-21.4,15.331,5.44,0
2/15/2020,14:15:00,0,Default Site,222,276.3,102,102,10.2,0.13,272.2,177,57.37,0,1.191,6.97,-21.2,15.331,5.44,0
2/15/2020,14:20:00,0,Default Site,220,273.9,102,102,10.21,0.13,269.9,175,55.63,0,1.204,6.96,-20.9,15.329,5.44,0
2/15/2020,14:25:00,0,Default Site,218,271.4,102,102,10.2,0.13,267.4,174,54.93,0,1.187,6.95,-20.4,15.332,5.44,0
2/15/2020,14:30:00,0,Default Site,215.9,268.7,102,102,10.2,0.13,264.8,172,53.63,0,1.2,6.95,-20.3,15.331,5.44,0
2/15/2020,14:35:00,0,Default Site,214.4,266.9,102,102,10.2,0.13,263,171,52.94,0,1.191,6.96,-20.6,15.333,5.44,0
2/15/2020,14:40:00,0,Default Site,212.4,264.3,101.9,101.9,10.2,0.12,260.4,169,51.47,0,1.189,6.96,-20.8,15.335,5.44,0
2/15/2020,14:45:00,0,Default Site,210.3,261.8,101.9,101.9,10.2,0.12,258,168,51.96,0,1.193,6.97,-21.1,15.333,5.44,0
2/15/2020,14:50:00,0,Default Site,208.4,259.3,101.9,101.9,10.2,0.12,255.5,166,51.47,0,1.192,6.96,-20.7,15.332,5.44,0
2/15/2020,14:55:00,0,Default Site,206.5,257.1,101.9,101.9,10.2,0.12,253.3,165,50.35,0,1.198,6.95,-20.1,15.332,5.44,0
2/15/2020,15:00:00,0,Default Site,204.5,254.5,101.9,101.9,10.2,0.12,250.8,163,49.91,0,1.191,6.95,-20.4,15.331,5.44,0
2/15/2020,15:05:00,0,Default Site,203,252.6,102,102,10.2,0.12,248.9,162,49,0,1.191,6.96,-20.5,15.332,5.42,0
2/15/2020,15:10:00,0,Default Site,200.5,249.6,101.9,101.9,10.2,0.12,245.9,160,48.87,0,1.197,6.94,-19.9,15.325,5.44,0
2/15/2020,15:15:00,0,Default Site,199,247.8,101.9,101.9,10.2,0.12,244.2,159,48.68,0,1.191,6.95,-20,15.32,5.44,0
2/15/2020,15:20:00,0,Default Site,197.4,245.8,101.9,101.9,10.2,0.12,242.2,157,48.03,0,1.194,6.95,-20.3,15.32,5.44,0
2/15/2020,15:25:00,0,Default Site,196,244.1,101.9,101.9,10.19,0.11,240.5,156,46.47,0,1.193,6.95,-20.3,15.32,5.44,0
2/15/2020,15:30:00,0,Default Site,194.6,242.3,101.9,101.9,10.19,0.11,238.7,155,45.54,0,1.193,6.95,-20.1,15.32,5.44,0
2/15/2020,15:35:00,0,Default Site,192.8,240.1,101.8,101.8,10.19,0.11,236.6,154,45.43,0,1.194,6.95,-20.1,15.318,5.44,0
2/15/2020,15:40:00,0,Default Site,190.8,237.6,101.9,101.9,10.2,0.11,234.1,152,44.88,0,1.193,6.95,-20.3,15.316,5.44,0
2/15/2020,15:45:00,0,Default Site,188.9,235.2,101.8,101.8,10.19,0.11,231.7,151,44.74,0,1.192,6.94,-19.5,15.315,5.44,0
2/15/2020,15:50:00,0,Default Site,187.3,233.3,101.8,101.8,10.19,0.11,229.9,149,44.45,0,1.194,6.94,-19.9,15.317,5.44,0
2/15/2020,15:55:00,0,Default Site,185.7,231.2,101.8,101.8,10.19,0.11,227.8,148,44.35,0,1.191,6.94,-19.7,15.318,5.44,0
2/15/2020,16:00:00,0,Default Site,184.1,229.3,101.8,101.8,10.19,0.11,225.9,147,43.63,0,1.204,6.94,-19.6,15.319,5.44,0
2/15/2020,16:05:02,0,Default Site,182.7,227.4,101.8,101.8,10.19,0.11,224.1,146,42.42,0,1.19,6.94,-19.8,15.318,5.44,0
2/15/2020,16:10:00,0,Default Site,181.4,225.9,101.8,101.8,10.19,0.11,222.6,145,42,0,1.2,6.95,-20,15.321,5.43,0
2/15/2020,16:15:00,0,Default Site,179.8,223.9,101.8,101.8,10.19,0.11,220.6,143,41.97,0,1.199,6.94,-19.7,15.322,5.44,0
2/15/2020,16:20:00,0,Default Site,178.4,222.1,101.8,101.8,10.19,0.1,218.9,142,40.24,0,1.194,6.95,-20.3,15.323,5.44,0
2/15/2020,16:25:00,0,Default Site,176.7,220,101.8,101.8,10.19,0.1,216.8,141,40.92,0,1.19,6.94,-19.8,15.325,5.44,0
2/15/2020,16:30:00,0,Default Site,175.3,218.3,101.7,101.7,10.18,0.1,215.1,140,40.3,0,1.197,6.94,-19.7,15.326,5.44,0
2/15/2020,16:35:00,0,Default Site,173.4,215.9,101.8,101.8,10.19,0.1,212.7,138,39.38,0,1.203,6.93,-19,15.323,5.44,0
2/15/2020,16:40:00,0,Default Site,172.7,214.9,101.7,101.7,10.18,0.1,211.8,138,39.22,0,1.197,6.94,-19.7,15.329,5.44,0
2/15/2020,16:45:00,0,Default Site,170.6,212.4,101.8,101.8,10.18,0.1,209.2,136,38.21,0,1.19,6.94,-19.8,15.326,5.44,0
2/15/2020,16:50:00,0,Default Site,169.1,210.5,101.8,101.8,10.18,0.1,207.4,135,37.82,0,1.187,6.94,-19.4,15.323,5.44,0
2/15/2020,16:55:00,0,Default Site,168,209.2,101.7,101.7,10.18,0.1,206.1,134,37.67,0,1.187,6.94,-19.4,15.327,5.44,0
2/15/2020,17:00:00,0,Default Site,166.4,207.2,101.7,101.7,10.18,0.1,204.2,133,36.97,0,1.193,6.94,-19.5,15.323,5.44,0
2/15/2020,17:05:00,0,Default Site,165.1,205.6,101.7,101.7,10.18,0.1,202.5,132,36.77,0,1.19,6.94,-19.6,15.327,5.44,0
2/15/2020,17:10:00,0,Default Site,163.5,203.5,101.7,101.7,10.18,0.1,200.5,130,35.74,0,1.202,6.93,-19.3,15.322,5.43,0
2/15/2020,17:15:00,0,Default Site,162.3,202,101.7,101.7,10.18,0.09,199,129,35.62,0,1.196,6.93,-18.9,15.326,5.43,0
2/15/2020,17:20:00,0,Default Site,161.3,200.8,101.7,101.7,10.18,0.09,197.8,129,35.06,0,1.194,6.93,-19.2,15.328,5.43,0
2/15/2020,17:25:00,0,Default Site,159.9,199,101.7,101.7,10.17,0.09,196.1,127,34.79,0,1.197,6.93,-19.3,15.332,5.43,0
2/15/2020,17:30:00,0,Default Site,158.6,197.4,101.7,101.7,10.18,0.09,194.5,126,34.32,0,1.194,6.92,-18.7,15.333,5.43,0
2/15/2020,17:35:00,0,Default Site,157.1,195.5,101.7,101.7,10.17,0.09,192.6,125,34.15,0,1.194,6.93,-18.9,15.334,5.44,0
2/15/2020,17:40:00,0,Default Site,155.7,193.8,101.7,101.7,10.18,0.09,191,124,33.45,0,1.193,6.92,-18.5,15.334,5.43,0
2/15/2020,17:45:00,0,Default Site,154.6,192.4,101.6,101.6,10.17,0.09,189.6,123,32.97,0,1.191,6.93,-19.3,15.334,5.44,0
2/15/2020,17:50:00,0,Default Site,153.4,191,101.6,101.6,10.17,0.09,188.2,122,32.09,0,1.205,6.94,-19.4,15.336,5.43,0
2/15/2020,17:55:00,0,Default Site,152.1,189.3,101.7,101.7,10.17,0.09,186.5,121,32.04,0,1.19,6.94,-19.4,15.338,5.43,0
2/15/2020,18:00:00,0,Default Site,151.1,188.1,101.6,101.6,10.17,0.09,185.3,120,31.42,0,1.199,6.93,-19.2,15.339,5.44,0
2/15/2020,18:05:00,0,Default Site,149.9,186.6,101.6,101.6,10.17,0.09,183.9,120,30.99,0,1.189,6.94,-19.5,15.342,5.44,0
2/15/2020,18:10:00,0,Default Site,148.5,184.8,101.7,101.7,10.17,0.09,182.1,118,30.74,0,1.198,6.93,-19.2,15.34,5.43,0
2/15/2020,18:15:00,0,Default Site,147.5,183.5,101.6,101.6,10.17,0.09,180.8,118,30.31,0,1.197,6.93,-19,15.343,5.43,0
2/15/2020,18:20:00,0,Default Site,146.5,182.3,101.6,101.6,10.17,0.09,179.6,117,29.89,0,1.194,6.93,-19.2,15.346,5.43,0
2/15/2020,18:25:00,0,Default Site,144.8,180.2,101.6,101.6,10.17,0.08,177.5,115,29.7,0,1.204,6.93,-19,15.345,5.43,0
2/15/2020,18:30:00,0,Default Site,143.9,179.1,101.6,101.6,10.17,0.08,176.5,115,29.2,0,1.188,6.94,-19.4,15.344,5.43,0
2/15/2020,18:35:00,0,Default Site,142.8,177.6,101.6,101.6,10.17,0.08,175,114,28.88,0,1.192,6.93,-19.2,15.345,5.43,0
2/15/2020,18:40:00,0,Default Site,141.6,176.2,101.6,101.6,10.17,0.08,173.6,113,27.95,0,1.198,6.93,-19.2,15.342,5.43,0
2/15/2020,18:45:00,0,Default Site,140.5,174.8,101.6,101.6,10.17,0.08,172.3,112,28.01,0,1.195,6.93,-19,15.344,5.43,0
2/15/2020,18:50:00,0,Default Site,139.2,173.2,101.6,101.6,10.16,0.08,170.6,111,27.87,0,1.194,6.93,-18.8,15.343,5.43,0
2/15/2020,18:55:00,0,Default Site,138.2,172,101.6,101.6,10.16,0.08,169.5,110,27.72,0,1.194,6.93,-19,15.345,5.43,0
2/15/2020,19:00:00,0,Default Site,137.3,170.8,101.6,101.6,10.16,0.08,168.3,109,26.66,0,1.194,6.94,-19.3,15.346,5.43,0
2/15/2020,19:05:00,0,Default Site,136.3,169.6,101.6,101.6,10.16,0.08,167.2,109,26.18,0,1.193,6.94,-19.6,15.348,5.43,0
2/15/2020,19:10:00,0,Default Site,135,168,101.5,101.5,10.16,0.08,165.6,108,25.84,0,1.192,6.93,-19.2,15.348,5.43,0
2/15/2020,19:15:00,0,Default Site,134,166.7,101.6,101.6,10.16,0.08,164.3,107,25.89,0,1.194,6.93,-19.1,15.352,5.43,0
2/15/2020,19:20:00,0,Default Site,132.9,165.3,101.5,101.5,10.16,0.08,162.9,106,25.78,0,1.191,6.92,-18.4,15.351,5.43,0
2/15/2020,19:25:00,0,Default Site,131.7,163.9,101.6,101.6,10.16,0.08,161.5,105,25.06,0,1.193,6.92,-18.7,15.352,5.43,0
2/15/2020,19:30:00,0,Default Site,130.8,162.7,101.5,101.5,10.15,0.08,160.3,104,24.62,0,1.194,6.93,-18.9,15.355,5.43,0
2/15/2020,19:35:00,0,Default Site,129.8,161.5,101.5,101.5,10.16,0.08,159.1,103,24.33,0,1.194,6.93,-18.8,15.356,5.43,0
2/15/2020,19:40:00,0,Default Site,129.1,160.6,101.5,101.5,10.16,0.07,158.3,103,24.1,0,1.193,6.93,-19.1,15.359,5.43,0
2/15/2020,19:45:00,0,Default Site,127.9,159,101.5,101.5,10.15,0.07,156.7,102,23.68,0,1.202,6.93,-18.8,15.359,5.43,0
2/15/2020,19:50:00,0,Default Site,127.3,158.3,101.5,101.5,10.15,0.07,156,101,23.58,0,1.191,6.92,-18.5,15.364,5.43,0
2/15/2020,19:55:00,0,Default Site,126.3,157.1,101.5,101.5,10.15,0.07,154.8,101,23.36,0,1.193,6.93,-18.9,15.367,5.43,0
2/15/2020,20:00:00,0,Default Site,125.2,155.8,101.5,101.5,10.15,0.07,153.5,100,22.58,0,1.194,6.92,-18.7,15.368,5.43,0
2/15/2020,20:05:00,0,Default Site,124.3,154.5,101.5,101.5,10.15,0.07,152.3,99,21.91,0,1.194,6.93,-19,15.37,5.43,0
2/15/2020,20:10:00,0,Default Site,123.5,153.6,101.5,101.5,10.15,0.07,151.3,98,22.1,0,1.192,6.93,-19.2,15.372,5.43,0
2/15/2020,20:15:00,0,Default Site,122.6,152.4,101.5,101.5,10.14,0.07,150.2,98,21.7,0,1.193,6.93,-19,15.378,5.43,0
2/15/2020,20:20:00,0,Default Site,121.9,151.5,101.5,101.5,10.15,0.07,149.3,97,21.31,0,1.195,6.92,-18.6,15.381,5.43,0
2/15/2020,20:25:00,0,Default Site,120.7,150.1,101.5,101.5,10.14,0.07,147.9,96,21.32,0,1.193,6.91,-18.2,15.381,5.43,0
2/15/2020,20:30:00,0,Default Site,120,149.1,101.5,101.5,10.14,0.07,147,96,21.32,0,1.194,6.92,-18.5,15.384,5.43,0
2/15/2020,20:35:00,0,Default Site,118.6,147.5,101.4,101.4,10.14,0.07,145.3,94,20.07,0,1.194,6.92,-18.5,15.383,5.43,0
2/15/2020,20:40:00,0,Default Site,118.1,146.8,101.4,101.4,10.14,0.07,144.6,94,20.88,0,1.195,6.91,-17.7,15.386,5.43,0
2/15/2020,20:45:00,0,Default Site,116.9,145.4,101.4,101.4,10.14,0.07,143.3,93,20.11,0,1.193,6.9,-17.6,15.385,5.43,0
2/15/2020,20:50:00,0,Default Site,116.2,144.5,101.4,101.4,10.14,0.07,142.4,93,20.03,0,1.195,6.9,-17.6,15.388,5.43,0
2/15/2020,20:55:00,0,Default Site,115.6,143.7,101.4,101.4,10.14,0.07,141.6,92,19.38,0,1.195,6.91,-18,15.39,5.43,0
