ntu_voltage,ntu,T_deg_C,temp_good,tdr_voltage,ppm,serial_number,serial_number_good,battery_fault,battery_charging,rtc_temperature,start_time_str,end_time_str,btemperature,bvoltage,bcapacity,uptime,sensor-name,gps.latitude,gps.longitude,gps.speed,gps.altitude,gps.height,gps.lat_err,gps.long_err,gps.alt_err,gps.hours,gps.seconds,gps.microseconds,gps.day,gps.month,gps.year,gps.fix_quality,gps.satellites,gps.total_sats,gps.gpsgood,unknown1,unknown2
0.9,2999.98999,25,0,2.2648633,1089.732178,112 152 74 74 1 0 0 199 ,1,0,0,19.25,14/02/2020 14:15:07,14/02/2020 14:15:12,19.53125,8.29,-0.0927734,0,1098,NONAME,      nan,      nan,      nan,      nan,      nan,0,0,0,20,16,3,0,14,2,20,0,3,5,0
1,2999.98999,25,0,2.2423046,1070.140259,112 152 74 74 1 0 0 199 ,1,0,0,19.5,14/02/2020 14:20:06,14/02/2020 14:20:10,19.6875,8.29,-0.0927734,0,1399,NONAME,52.1338425,-106.6316528,0.419,516.4000244,-22.6000004,0,0,0,20,21,0,0,14,2,20,1,7,10,1
1,2999.98999,25,0,2.2777538,1101.075928,112 152 74 74 1 0 0 199 ,1,0,0,19.5,14/02/2020 14:25:06,14/02/2020 14:25:10,19.65625,8.2799997,-0.0927734,0,1700,NONAME,52.1338959,-106.6319046,0.901,547.7000122,-22.6000004,0,0,0,20,26,1,0,14,2,20,1,7,9,1
0.9,2999.98999,25,0,2.2777538,1101.075928,112 152 74 74 1 0 0 199 ,1,0,0,19.5,14/02/2020 14:30:06,14/02/2020 14:30:11,19.6875,8.2699995,-0.0878906,0,2002,NONAME,      nan,      nan,      nan,      nan,      nan,0,0,0,20,31,1,0,14,2,20,0,3,9,0
1,2999.98999,25,0,2.2745311,1098.229736,112 152 74 74 1 0 0 199 ,1,0,0,19.75,14/02/2020 14:55:06,14/02/2020 14:55:10,19.8125,8.2600002,-0.0927734,0,3511,NONAME,      nan,      nan,      nan,      nan,      nan,0,0,0,20,56,1,0,14,2,20,0,0,11,0
1.3,2999.98999,25,0,2.1875196,1023.910339,112 152 74 74 1 0 0 199 ,1,0,0,19.75,14/02/2020 15:00:03,14/02/2020 15:00:06,19.8125,8.25,-0.0927734,0,3809,NONAME,52.1338959,-106.6316071,0.195,366,-22.6000004,0,0,0,21,0,56,0,14,2,20,1,8,11,1
1.2,2999.98999,25,0,2.2068555,1040.011108,112 152 74 74 1 0 0 199 ,1,0,0,19.75,14/02/2020 15:05:06,14/02/2020 15:05:10,19.53125,8.25,-0.0878906,0,4114,NONAME,52.1339836,-106.6309967,0.289,      nan,      nan,0,0,0,21,6,1,0,14,2,20,0,4,10,1
1.2,2999.98999,25,0,2.2261913,1056.346191,112 152 74 74 1 0 0 199 ,1,0,0,19.75,14/02/2020 15:10:03,14/02/2020 15:10:06,19.5,8.25,-0.0976562,0,4412,NONAME,52.1337891,-106.6317291,0.413,475.5,-22.6000004,0,0,0,21,10,56,0,14,2,20,1,7,10,1
1.2,2999.98999,25,0,2.2036328,1037.311401,112 152 74 74 1 0 0 199 ,1,0,0,19.5,14/02/2020 15:15:06,14/02/2020 15:15:09,19.3125,8.25,-0.0878906,0,4718,NONAME,52.1337013,-106.6318741,0.377,498.2999878,-22.6000004,0,0,0,21,16,0,0,14,2,20,1,6,10,1
1.3,2999.98999,25,0,2.210078,1042.717041,112 152 74 74 1 0 0 199 ,1,0,0,19.5,14/02/2020 15:20:03,14/02/2020 15:20:06,19.3125,8.2399998,-0.0927734,0,5016,NONAME,52.13377,-106.6317978,1.008,508.3999939,-22.6000004,0,0,0,21,20,57,0,14,2,20,1,6,10,1
1.3,2999.98999,25,0,2.1875196,1023.910339,112 152 74 74 1 0 0 199 ,1,0,0,19.5,14/02/2020 15:25:06,14/02/2020 15:25:10,19.40625,8.2399998,-0.0878906,0,5321,NONAME,      nan,      nan,      nan,      nan,      nan,0,0,0,21,26,1,0,14,2,20,0,4,10,0
2,2999.98999,25,0,2.0747266,934.5144653,112 152 74 74 1 0 0 199 ,1,0,0,19.75,14/02/2020 15:30:03,14/02/2020 15:30:05,19.375,8.2299995,-0.0927734,0,5619,NONAME,52.1339912,-106.6313324,1.424,442.2999878,-22.6000004,0,0,0,21,30,56,0,14,2,20,1,5,7,1
2,2999.98999,25,0,2.0940626,949.3044434,112 152 74 74 1 0 0 199 ,1,0,0,19.75,14/02/2020 15:35:06,14/02/2020 15:35:11,19.375,8.2299995,-0.0927734,0,5925,NONAME,      nan,      nan,      nan,      nan,      nan,0,0,0,21,36,1,0,14,2,20,0,0,10,0
2.2,2999.98999,25,0,2.0553906,919.9393311,112 152 74 74 1 0 0 199 ,1,0,0,19.75,14/02/2020 15:40:06,14/02/2020 15:40:10,19.46875,8.2299995,-0.0878906,0,6226,NONAME,52.1337547,-106.6316681,2.5899999,405.8999939,-22.6000004,0,0,0,21,41,1,0,14,2,20,1,7,10,1
2.0999999,2999.98999,25,0,2.0392773,907.9554443,112 152 74 74 1 0 0 199 ,1,0,0,19.75,14/02/2020 15:45:06,14/02/2020 15:45:10,19.375,8.2200003,-0.0878906,0,6528,NONAME,52.1339378,-106.631752,0.708,579,-22.6000004,0,0,0,21,46,0,0,14,2,20,1,6,9,1
2.0999999,2999.98999,25,0,2.023164,896.1170044,112 152 74 74 1 0 0 199 ,1,0,0,19.75,14/02/2020 15:50:06,14/02/2020 15:50:10,19.3125,8.2200003,-0.0927734,0,6830,NONAME,52.133934,-106.631218,2.957,      nan,      nan,0,0,0,21,51,1,0,14,2,20,0,5,9,1
2,2999.98999,25,0,2.0360546,905.5761108,112 152 74 74 1 0 0 199 ,1,0,0,19.75,14/02/2020 15:55:03,14/02/2020 15:55:06,19.34375,8.2200003,-0.0878906,0,7128,NONAME,52.1337509,-106.6316299,0.182,450.8999939,-22.6000004,0,0,0,21,55,57,0,14,2,20,1,5,10,1
2,2999.98999,25,0,2.0328319,903.2026367,112 152 74 74 1 0 0 199 ,1,0,0,19.75,14/02/2020 16:00:03,14/02/2020 16:00:06,19.3125,8.21,-0.0927734,0,7429,NONAME,52.1341057,-106.6313629,1.291,542.4000244,-22.6000004,0,0,0,22,0,57,0,14,2,20,1,4,10,1
2.0999999,2999.98999,25,0,2.0296094,900.835144,112 152 74 74 1 0 0 199 ,1,0,0,19.75,14/02/2020 16:05:06,14/02/2020 16:05:09,19.40625,8.21,-0.0927734,0,7735,NONAME,52.1339722,-106.631279,2.6070001,510.7999878,-22.6000004,0,0,0,22,6,0,0,14,2,20,1,5,10,1
2,2999.98999,25,0,2.0392773,907.9554443,112 152 74 74 1 0 0 199 ,1,0,0,19.75,14/02/2020 16:10:06,14/02/2020 16:10:10,19.25,8.21,-0.0878906,0,8036,NONAME,52.1337624,-106.6313324,1.344,479.1000061,-22.6000004,0,0,0,22,11,0,0,14,2,20,1,5,10,1
1.9,2999.98999,25,0,2.0553906,919.9393311,112 152 74 74 1 0 0 199 ,1,0,0,19.75,14/02/2020 16:15:03,14/02/2020 16:15:06,19.28125,8.21,-0.0927734,0,8334,NONAME,52.1342316,-106.6312561,1.081,537.2000122,-22.6000004,0,0,0,22,15,56,0,14,2,20,1,6,10,1
2,2999.98999,25,0,2.0328319,903.2026367,112 152 74 74 1 0 0 199 ,1,0,0,19.75,14/02/2020 16:20:06,14/02/2020 16:20:09,19.28125,8.21,-0.0878906,0,8640,NONAME,52.1339455,-106.6312332,3.3410001,506.1000061,-22.6000004,0,0,0,22,21,0,0,14,2,20,1,6,9,1
2,2999.98999,25,0,2.003828,882.1005859,112 152 74 74 1 0 0 199 ,1,0,0,19.75,14/02/2020 16:25:06,14/02/2020 16:25:10,19.28125,8.21,-0.0878906,0,8942,NONAME,52.1338615,-106.6306763,0.884,489.3999939,-22.6000004,0,0,0,22,26,0,0,14,2,20,1,6,10,1
2,2999.98999,25,0,2.0134962,889.0831909,112 152 74 74 1 0 0 199 ,1,0,0,19.5,14/02/2020 16:30:06,14/02/2020 16:30:10,19.28125,8.1999998,-0.0927734,0,9243,NONAME,52.134346,-106.6297531,0.714,546.0999756,-22.6000004,0,0,0,22,31,1,0,14,2,20,1,5,10,1
1.9,2999.98999,25,0,2.0457227,912.7315063,112 152 74 74 1 0 0 199 ,1,0,0,19.5,14/02/2020 16:35:06,14/02/2020 16:35:10,19.28125,8.1899996,-0.0878906,0,9545,NONAME,      nan,      nan,      nan,      nan,      nan,0,0,0,22,36,1,0,14,2,20,0,0,8,0
2,2999.98999,25,0,2.003828,882.1005859,112 152 74 74 1 0 0 199 ,1,0,0,19.75,14/02/2020 16:40:03,14/02/2020 16:40:06,19.375,8.1899996,-0.0927734,0,9843,NONAME,52.1338882,-106.6314697,0.142,469.6000061,-22.6000004,0,0,0,22,40,57,0,14,2,20,1,5,10,1
2,2999.98999,25,0,1.9651562,854.6775513,112 152 74 74 1 0 0 199 ,1,0,0,19.75,14/02/2020 16:45:03,14/02/2020 16:45:05,19.34375,8.1899996,-0.0878906,0,10145,NONAME,52.1339188,-106.6315308,2.1010001,532.7000122,-22.6000004,0,0,0,22,45,56,0,14,2,20,1,5,8,1
2.0999999,2999.98999,25,0,1.9812696,866.0061035,112 152 74 74 1 0 0 199 ,1,0,0,19.75,14/02/2020 16:50:06,14/02/2020 16:50:09,19.1875,8.1899996,-0.0927734,0,10450,NONAME,52.1339188,-106.6317368,0.129,515.7000122,-22.6000004,0,0,0,22,51,0,0,14,2,20,1,7,10,1
2.0999999,2999.98999,25,0,1.9490429,843.4868774,112 152 74 74 1 0 0 199 ,1,0,0,19.75,14/02/2020 16:55:06,14/02/2020 16:55:10,19.21875,8.1899996,-0.0927734,0,10752,NONAME,      nan,      nan,      nan,      nan,      nan,0,0,0,22,56,1,0,14,2,20,0,6,8,0
2.0999999,2999.98999,25,0,1.9490429,843.4868774,112 152 74 74 1 0 0 199 ,1,0,0,19.75,14/02/2020 17:00:05,14/02/2020 17:00:08,19.28125,8.1799994,-0.0878906,0,11052,NONAME,52.1338615,-106.6312637,0.165,470.6000061,-22.6000004,0,0,0,23,0,59,0,14,2,20,1,8,10,1
2.0999999,2999.98999,25,0,1.9490429,843.4868774,112 152 74 74 1 0 0 199 ,1,0,0,19.75,14/02/2020 17:05:06,14/02/2020 17:05:09,19.28125,8.1700001,-0.0927734,0,11355,NONAME,52.1335564,-106.6317062,3.369,414.5,-22.6000004,0,0,0,23,6,0,0,14,2,20,1,5,10,1
2.0999999,2999.98999,25,0,1.9297071,830.2376099,112 152 74 74 1 0 0 199 ,1,0,0,19.75,14/02/2020 17:10:06,14/02/2020 17:10:09,19.25,8.1700001,-0.0927734,0,11657,NONAME,      nan,      nan,      nan,      nan,      nan,0,0,0,23,11,0,0,14,2,20,0,3,10,0
2.2,2999.98999,25,0,1.9103711,817.1813965,112 152 74 74 1 0 0 199 ,1,0,0,19.75,14/02/2020 17:15:06,14/02/2020 17:15:09,19.34375,8.1700001,-0.0878906,0,11958,NONAME,52.1341515,-106.6315079,0.705,530.0999756,-22.6000004,0,0,0,23,16,0,0,14,2,20,1,5,10,1
2.2,2999.98999,25,0,1.8974805,808.5831299,112 152 74 74 1 0 0 199 ,1,0,0,19.75,14/02/2020 17:20:06,14/02/2020 17:20:10,19.21875,8.1700001,-0.0927734,0,12260,NONAME,52.1336632,-106.6317596,0.542,452.2000122,-22.6000004,0,0,0,23,21,0,0,14,2,20,1,7,11,1
2.2,2999.98999,25,0,1.9168164,821.512146,112 152 74 74 1 0 0 199 ,1,0,0,19.75,14/02/2020 17:25:05,14/02/2020 17:25:09,19.28125,8.1700001,-0.0927734,0,12561,NONAME,      nan,      nan,      nan,      nan,      nan,0,0,0,23,26,0,0,14,2,20,0,6,10,0
2.0999999,2999.98999,25,0,1.9522656,845.7141113,112 152 74 74 1 0 0 199 ,1,0,0,19.75,14/02/2020 17:30:06,14/02/2020 17:30:09,19.40625,8.1599998,-0.0878906,0,12863,NONAME,52.1340179,-106.631012,1.1950001,496,-22.6000004,0,0,0,23,31,0,0,14,2,20,1,7,9,1
2.2,2999.98999,25,0,1.939375,836.8379517,112 152 74 74 1 0 0 199 ,1,0,0,19.75,14/02/2020 17:35:05,14/02/2020 17:35:09,19.28125,8.1599998,-0.0927734,0,13164,NONAME,52.133934,-106.6315002,3.2190001,498.3999939,-22.6000004,0,0,0,23,35,59,0,14,2,20,1,5,10,1
2.2,2999.98999,25,0,1.9522656,845.7141113,112 152 74 74 1 0 0 199 ,1,0,0,19.75,14/02/2020 17:40:05,14/02/2020 17:40:09,19.21875,8.1499996,-0.0927734,0,13466,NONAME,52.1338654,-106.6311646,0.708,432.2999878,-22.6000004,0,0,0,23,40,59,0,14,2,20,1,6,10,1
2.2,2999.98999,25,0,1.9329296,832.432251,112 152 74 74 1 0 0 199 ,1,0,0,19.5,14/02/2020 17:45:06,14/02/2020 17:45:10,19.28125,8.1499996,-0.0927734,0,13769,NONAME,      nan,      nan,      nan,      nan,      nan,0,0,0,23,46,1,0,14,2,20,0,4,10,0
2.3,2999.98999,25,0,1.9168164,821.512146,112 152 74 74 1 0 0 199 ,1,0,0,19.75,14/02/2020 17:50:06,14/02/2020 17:50:10,19.3125,8.1499996,-0.0878906,0,14070,NONAME,52.133625,-106.6312256,1.7460001,405.3999939,-22.6000004,0,0,0,23,51,0,0,14,2,20,1,5,10,1
2.3,2999.98999,25,0,1.8652539,787.4517212,112 152 74 74 1 0 0 199 ,1,0,0,19.75,14/02/2020 17:55:03,14/02/2020 17:55:06,19.34375,8.1499996,-0.0927734,0,14368,NONAME,52.1337509,-106.6314316,0.62,497.6000061,-22.6000004,0,0,0,23,55,56,0,14,2,20,1,5,10,1
2.4000001,2999.98999,25,0,1.8555859,781.2122803,112 152 74 74 1 0 0 199 ,1,0,0,19.5,14/02/2020 18:00:06,14/02/2020 18:00:10,19.25,8.1499996,-0.0927734,0,14674,NONAME,      nan,      nan,      nan,      nan,      nan,0,0,0,0,1,1,0,15,2,20,0,4,10,0
2.0999999,2999.98999,25,0,1.8588086,783.2870483,112 152 74 74 1 0 0 199 ,1,0,0,19.75,14/02/2020 18:05:03,14/02/2020 18:05:05,19.3125,8.1499996,-0.0878906,0,14972,NONAME,52.1338043,-106.6317062,3.1029999,454.2000122,-22.6000004,0,0,0,0,5,56,0,15,2,20,1,4,9,1
2.2,2999.98999,25,0,1.8169141,756.7059937,112 152 74 74 1 0 0 199 ,1,0,0,19.75,14/02/2020 18:10:03,14/02/2020 18:10:06,19.21875,8.1399994,-0.0927734,0,15273,NONAME,52.1339264,-106.6313934,2.1600001,466.1000061,-22.6000004,0,0,0,0,10,57,0,15,2,20,1,5,9,1
2.3,2999.98999,25,0,1.8233594,760.7407837,112 152 74 74 1 0 0 199 ,1,0,0,19.5,14/02/2020 18:15:03,14/02/2020 18:15:06,19.125,8.1300001,-0.0927734,0,15575,NONAME,52.1337891,-106.6313171,0.615,536.4000244,-22.6000004,0,0,0,0,15,56,0,15,2,20,1,6,9,1
2.2,2999.98999,25,0,1.8040234,748.6949463,112 152 74 74 1 0 0 199 ,1,0,0,19.5,14/02/2020 18:20:03,14/02/2020 18:20:06,19.15625,8.1399994,-0.0927734,0,15877,NONAME,52.133934,-106.6316223,1.008,503.3999939,-22.6000004,0,0,0,0,20,56,0,15,2,20,1,6,9,1
2.3,2999.98999,25,0,1.8136914,754.6959229,112 152 74 74 1 0 0 199 ,1,0,0,19.5,14/02/2020 18:25:06,14/02/2020 18:25:09,19.15625,8.1300001,-0.0927734,0,16182,NONAME,      nan,      nan,      nan,      nan,      nan,0,0,0,0,26,0,0,15,2,20,0,3,9,0
2.0999999,2999.98999,25,0,1.8265821,762.765564,112 152 74 74 1 0 0 199 ,1,0,0,19.75,14/02/2020 18:30:03,14/02/2020 18:30:06,19.21875,8.1300001,-0.0927734,0,16480,NONAME,52.1339378,-106.6315079,1.108,529.7000122,-22.6000004,0,0,0,0,30,56,0,15,2,20,1,8,9,1
2.2,2999.98999,25,0,1.8136914,754.6959229,112 152 74 74 1 0 0 199 ,1,0,0,19.5,14/02/2020 18:35:06,14/02/2020 18:35:10,19.21875,8.1300001,-0.0927734,0,16785,NONAME,      nan,      nan,      nan,      nan,      nan,0,0,0,0,36,1,0,15,2,20,0,3,10,0
2,2999.98999,25,0,1.8813672,797.9528809,112 152 74 74 1 0 0 199 ,1,0,0,19.75,14/02/2020 18:40:03,14/02/2020 18:40:05,19.3125,8.1199999,-0.0927734,0,17083,NONAME,52.1339645,-106.6313934,0.808,451.1000061,-22.6000004,0,0,0,0,40,56,0,15,2,20,1,5,10,1
2.2,2999.98999,25,0,1.8491406,777.0779419,112 152 74 74 1 0 0 199 ,1,0,0,19.75,14/02/2020 18:45:06,14/02/2020 18:45:09,19.1875,8.1199999,-0.0927734,0,17389,NONAME,52.1338882,-106.6315918,0.759,439.7000122,-22.6000004,0,0,0,0,46,0,0,15,2,20,1,7,10,1
2.2,2999.98999,25,0,1.8459179,775.0183105,112 152 74 74 1 0 0 199 ,1,0,0,19.5,14/02/2020 18:50:03,14/02/2020 18:50:06,19.1875,8.1199999,-0.1220703,0,17687,NONAME,52.1339417,-106.6317215,2.5320001,523.0999756,-22.6000004,0,0,0,0,50,56,0,15,2,20,1,6,9,1
2.2,2999.98999,25,0,1.8523632,779.1425781,112 152 74 74 1 0 0 199 ,1,0,0,19.5,14/02/2020 18:55:06,14/02/2020 18:55:10,19.21875,8.1199999,-0.0927734,0,17992,NONAME,      nan,      nan,      nan,      nan,      nan,0,0,0,0,56,1,0,15,2,20,0,6,10,0
1.9,2999.98999,25,0,1.9007031,810.7247925,112 152 74 74 1 0 0 199 ,1,0,0,19.75,14/02/2020 19:00:03,14/02/2020 19:00:06,19.34375,8.1099997,-0.0927734,0,18290,NONAME,52.13377,-106.6315308,1.584,500.6000061,-22.6000004,0,0,0,1,0,56,0,15,2,20,1,7,10,1
2.0999999,2999.98999,25,0,1.8845898,800.0684814,112 152 74 74 1 0 0 199 ,1,0,0,19.5,14/02/2020 19:05:05,14/02/2020 19:05:09,19.21875,8.1099997,-0.0927734,0,18594,NONAME,      nan,      nan,      nan,      nan,      nan,0,0,0,1,5,59,0,15,2,20,0,6,10,0
1.9,2999.98999,25,0,1.9103711,817.1813965,112 152 74 74 1 0 0 199 ,1,0,0,19.75,14/02/2020 19:10:06,14/02/2020 19:10:10,19.34375,8.1099997,-0.0927734,0,18897,NONAME,      nan,      nan,      nan,      nan,      nan,0,0,0,1,11,0,500000,15,2,20,0,0,11,0
1.8,2999.98999,25,0,1.8716992,791.6367798,112 152 74 74 1 0 0 199 ,1,0,0,19.75,14/02/2020 19:15:06,14/02/2020 19:15:10,19.25,8.1099997,-0.0927734,0,19199,NONAME,      nan,      nan,      nan,      nan,      nan,0,0,0,1,16,1,0,15,2,20,0,6,10,0
1.8,2999.98999,25,0,1.8459179,775.0183105,112 152 74 74 1 0 0 199 ,1,0,0,19.75,14/02/2020 19:20:03,14/02/2020 19:20:06,19.21875,8.0999994,-0.0927734,0,19497,NONAME,52.1331711,-106.632225,0.448,538,-22.6000004,0,0,0,1,20,56,0,15,2,20,1,5,10,1
2,2999.98999,25,0,1.8426954,772.9638062,112 152 74 74 1 0 0 199 ,1,0,0,19.75,14/02/2020 19:25:05,14/02/2020 19:25:09,19.1875,8.1099997,-0.0927734,0,19801,NONAME,52.1341934,-106.6317978,0.699,573.5999756,-22.6000004,0,0,0,1,25,59,0,15,2,20,1,6,10,1
2,2999.98999,25,0,1.8459179,775.0183105,112 152 74 74 1 0 0 199 ,1,0,0,19.75,14/02/2020 19:30:06,14/02/2020 19:30:10,19.1875,8.0999994,-0.0878906,0,20104,NONAME,      nan,      nan,      nan,      nan,      nan,0,0,0,1,31,0,0,15,2,20,0,4,10,0
1.8,2999.98999,25,0,1.8555859,781.2122803,112 152 74 74 1 0 0 199 ,1,0,0,19.75,14/02/2020 19:35:06,14/02/2020 19:35:09,19.21875,8.0999994,-0.0927734,0,20405,NONAME,52.1327744,-106.6322327,1.659,520.0999756,-22.6000004,0,0,0,1,36,0,0,15,2,20,1,5,12,1
1.9,2999.98999,25,0,1.8298047,764.7952271,112 152 74 74 1 0 0 199 ,1,0,0,19.75,14/02/2020 19:40:06,14/02/2020 19:40:10,19.1875,8.0999994,-0.0927734,0,20707,NONAME,52.1343117,-106.6314697,0.876,465.1000061,-22.6000004,0,0,0,1,41,1,0,15,2,20,1,6,8,1
1.9,2999.98999,25,0,1.8136914,754.6959229,112 152 74 74 1 0 0 199 ,1,0,0,19.5,14/02/2020 19:45:03,14/02/2020 19:45:06,19.125,8.0900002,-0.0927734,0,21005,NONAME,52.1336517,-106.6318665,0.286,511,-22.6000004,0,0,0,1,45,57,0,15,2,20,1,6,9,1
2,2999.98999,25,0,1.7814648,734.8616943,112 152 74 74 1 0 0 199 ,1,0,0,19.5,14/02/2020 19:50:03,14/02/2020 19:50:06,19.03125,8.0900002,-0.0927734,0,21307,NONAME,52.1336441,-106.6316833,0.324,446.6000061,-22.6000004,0,0,0,1,50,57,0,15,2,20,1,6,8,1
2,2999.98999,25,0,1.7943555,742.7376709,112 152 74 74 1 0 0 199 ,1,0,0,19.5,14/02/2020 19:55:06,14/02/2020 19:55:10,19.0625,8.0900002,-0.0878906,0,21612,NONAME,52.1340904,-106.6315613,0.986,481.5,-22.6000004,0,0,0,1,56,0,0,15,2,20,1,6,8,1
2,2999.98999,25,0,1.7975781,744.7186279,112 152 74 74 1 0 0 199 ,1,0,0,19.5,14/02/2020 20:00:06,14/02/2020 20:00:10,19,8.0900002,-0.0927734,0,21914,NONAME,      nan,      nan,      nan,      nan,      nan,0,0,0,2,1,1,0,15,2,20,0,4,9,0
1.8,2999.98999,25,0,1.7879101,738.7901001,112 152 74 74 1 0 0 199 ,1,0,0,19.75,14/02/2020 20:05:03,14/02/2020 20:05:06,19.1875,8.0900002,-0.0878906,0,22212,NONAME,52.1339836,-106.6316833,0.935,535.7999878,-22.6000004,0,0,0,2,5,56,0,15,2,20,1,6,9,1
1.8,2999.98999,25,0,1.7846875,736.8235474,112 152 74 74 1 0 0 199 ,1,0,0,19.5,14/02/2020 20:10:06,14/02/2020 20:10:09,19.0625,8.0900002,-0.0927734,0,22517,NONAME,52.1339455,-106.6320953,1.101,697.2000122,-22.6000004,0,0,0,2,11,0,0,15,2,20,1,7,10,1
1.8,2999.98999,25,0,1.7685742,727.0617676,112 152 74 74 1 0 0 199 ,1,0,0,19.5,14/02/2020 20:15:05,14/02/2020 20:15:09,19.0625,8.0799999,-0.0927734,0,22818,NONAME,      nan,      nan,      nan,      nan,      nan,0,0,0,2,16,0,0,15,2,20,0,6,9,0
1.8,2999.98999,25,0,1.7266797,702.2260742,112 152 74 74 1 0 0 199 ,1,0,0,19.75,14/02/2020 20:20:03,14/02/2020 20:20:06,19.15625,8.0799999,-0.0927734,0,23117,NONAME,52.1339111,-106.6317291,0.918,522.7999878,-22.6000004,0,0,0,2,20,57,0,15,2,20,1,5,8,1
1.8,2999.98999,25,0,1.7137891,694.7394409,112 152 74 74 1 0 0 199 ,1,0,0,19.5,14/02/2020 20:25:06,14/02/2020 20:25:09,19.0625,8.0699997,-0.0927734,0,23422,NONAME,52.1340637,-106.6315231,0.553,599.5,-22.6000004,0,0,0,2,26,0,0,15,2,20,1,6,10,1
1.8,2999.98999,25,0,1.7041211,689.1713867,112 152 74 74 1 0 0 199 ,1,0,0,19.5,14/02/2020 20:30:06,14/02/2020 20:30:10,19.0625,8.0699997,-0.0927734,0,23724,NONAME,      nan,      nan,      nan,      nan,      nan,0,0,0,2,31,1,0,15,2,20,0,6,9,0
1.6,2999.98999,25,0,1.7363477,707.8885498,112 152 74 74 1 0 0 199 ,1,0,0,19.75,14/02/2020 20:35:06,14/02/2020 20:35:09,19.125,8.0699997,-0.0878906,0,24025,NONAME,52.1339798,-106.6318893,0.871,600.5,-22.6000004,0,0,0,2,36,0,0,15,2,20,1,8,9,1
1.7,2999.98999,25,0,1.733125,705.99646,112 152 74 74 1 0 0 199 ,1,0,0,19.5,14/02/2020 20:40:06,14/02/2020 20:40:10,19.21875,8.0699997,-0.0927734,0,24327,NONAME,52.133934,-106.6316452,0.165,516.2000122,-22.6000004,0,0,0,2,41,0,0,15,2,20,1,8,9,1
1.7,2999.98999,25,0,1.6815625,676.3335571,112 152 74 74 1 0 0 199 ,1,0,0,19.5,14/02/2020 20:45:03,14/02/2020 20:45:06,19.125,8.0599995,-0.0927734,0,24625,NONAME,52.1338844,-106.6316986,0.293,      nan,      nan,0,0,0,2,45,57,0,15,2,20,0,8,10,1
1.8,2999.98999,25,0,1.6847851,678.1543579,112 152 74 74 1 0 0 199 ,1,0,0,19.5,14/02/2020 20:50:05,14/02/2020 20:50:09,18.96875,8.0599995,-0.0927734,0,24929,NONAME,      nan,      nan,      nan,      nan,      nan,0,0,0,2,50,59,0,15,2,20,0,7,11,0
1.6,2999.98999,25,0,1.7782422,732.9046631,112 152 74 74 1 0 0 199 ,1,0,0,19.75,14/02/2020 20:55:03,14/02/2020 20:55:05,19.09375,8.0500002,-0.0927734,0,25228,NONAME,52.1338387,-106.6319122,0.729,485.7999878,-22.6000004,0,0,0,2,55,56,0,15,2,20,1,8,9,1
1.6,2999.98999,25,0,1.7621289,723.1900024,112 152 74 74 1 0 0 199 ,1,0,0,19.5,14/02/2020 21:00:03,14/02/2020 21:00:06,19,8.0500002,-0.0927734,0,25530,NONAME,52.1339188,-106.6316986,0.173,488.2000122,-22.6000004,0,0,0,3,0,56,0,15,2,20,1,7,10,1
1.6,2999.98999,25,0,1.7621289,723.1900024,112 152 74 74 1 0 0 199 ,1,0,0,19.5,14/02/2020 21:05:03,14/02/2020 21:05:06,19.0625,8.0500002,-0.0927734,0,25831,NONAME,52.1339035,-106.6316528,1.405,      nan,      nan,0,0,0,3,5,57,0,15,2,20,0,5,10,1
1.6,2999.98999,25,0,1.7685742,727.0617676,112 152 74 74 1 0 0 199 ,1,0,0,19.5,14/02/2020 21:10:06,14/02/2020 21:10:10,18.96875,8.0500002,-0.0927734,0,26137,NONAME,52.1344452,-106.6317596,2.1010001,623.2999878,-22.6000004,0,0,0,3,11,0,0,15,2,20,1,6,10,1
1.6,2999.98999,25,0,1.752461,717.4172974,112 152 74 74 1 0 0 199 ,1,0,0,19.5,14/02/2020 21:15:06,14/02/2020 21:15:09,19.0625,8.0500002,-0.0927734,0,26439,NONAME,52.1338081,-106.6316605,1.244,530.4000244,-22.6000004,0,0,0,3,16,0,0,15,2,20,1,5,9,1
1.6,2999.98999,25,0,1.7395703,709.7850342,112 152 74 74 1 0 0 199 ,1,0,0,19.5,14/02/2020 21:20:06,14/02/2020 21:20:10,19.03125,8.04,-0.0878906,0,26740,NONAME,      nan,      nan,      nan,      nan,      nan,0,0,0,3,21,1,0,15,2,20,0,4,9,0
1.4,2999.98999,25,0,1.7395703,709.7850342,112 152 74 74 1 0 0 199 ,1,0,0,19.75,14/02/2020 21:25:06,14/02/2020 21:25:10,19.09375,8.04,-0.0878906,0,27042,NONAME,      nan,      nan,      nan,      nan,      nan,0,0,0,3,26,1,0,15,2,20,0,4,7,0
1.5,2999.98999,25,0,1.7363477,707.8885498,112 152 74 74 1 0 0 199 ,1,0,0,19.75,14/02/2020 21:30:03,14/02/2020 21:30:06,19.0625,8.0299997,-0.0878906,0,27340,NONAME,52.1340141,-106.6315918,1.2819999,482.7999878,-22.6000004,0,0,0,3,30,57,0,15,2,20,1,5,9,1
1.5,2999.98999,25,0,1.723457,700.3476562,112 152 74 74 1 0 0 199 ,1,0,0,19.5,14/02/2020 21:35:05,14/02/2020 21:35:09,19.03125,8.0299997,-0.0927734,0,27644,NONAME,      nan,      nan,      nan,      nan,      nan,0,0,0,3,36,0,0,15,2,20,0,3,9,0
1.5,2999.98999,25,0,1.6686718,669.0932007,112 152 74 74 1 0 0 199 ,1,0,0,19.75,14/02/2020 21:40:03,14/02/2020 21:40:06,19.03125,8.0199995,-0.0927734,0,27943,NONAME,52.1337242,-106.6316147,0.526,485.3999939,-22.6000004,0,0,0,3,40,57,0,15,2,20,1,7,8,1
1.5,2999.98999,25,0,1.6590039,663.7079468,112 152 74 74 1 0 0 199 ,1,0,0,19.5,14/02/2020 21:45:03,14/02/2020 21:45:06,19.09375,8.0199995,-0.0927734,0,28245,NONAME,52.1339493,-106.6315155,0.091,515.2999878,-22.6000004,0,0,0,3,45,57,0,15,2,20,1,6,9,1
1.5,2999.98999,25,0,1.6847851,678.1543579,112 152 74 74 1 0 0 199 ,1,0,0,19.5,14/02/2020 21:50:06,14/02/2020 21:50:09,18.96875,8.0199995,-0.0927734,0,28549,NONAME,      nan,      nan,      nan,      nan,      nan,0,0,0,3,51,0,0,15,2,20,0,4,9,0
1.5,2999.98999,25,0,1.6622266,665.4988403,112 152 74 74 1 0 0 199 ,1,0,0,19.75,14/02/2020 21:55:03,14/02/2020 21:55:06,19,8.0100002,-0.0927734,0,28848,NONAME,52.1340485,-106.6312408,0.791,      nan,      nan,0,0,0,3,55,57,0,15,2,20,0,6,10,1
1.5,2999.98999,25,0,1.6525586,660.1390381,112 152 74 74 1 0 0 199 ,1,0,0,19.5,14/02/2020 22:00:06,14/02/2020 22:00:10,18.90625,8.0100002,-0.0927734,0,29153,NONAME,      nan,      nan,      nan,      nan,      nan,0,0,0,4,1,1,0,15,2,20,0,5,10,0
1.5,2999.98999,25,0,1.63,647.7797852,112 152 74 74 1 0 0 199 ,1,0,0,19.5,14/02/2020 22:05:03,14/02/2020 22:05:06,19.03125,8.0100002,-0.0927734,0,29451,NONAME,52.1338654,-106.6316833,2.5109999,      nan,      nan,0,0,0,4,5,57,0,15,2,20,0,5,10,1
1.5,2999.98999,25,0,1.6171094,640.8082275,112 152 74 74 1 0 0 199 ,1,0,0,19.5,14/02/2020 22:10:06,14/02/2020 22:10:09,18.9375,8,-0.0927734,0,29756,NONAME,      nan,      nan,      nan,      nan,      nan,0,0,0,4,11,0,0,15,2,20,0,6,10,0
1.5,2999.98999,25,0,1.6009961,632.1851196,112 152 74 74 1 0 0 199 ,1,0,0,19.75,14/02/2020 22:15:06,14/02/2020 22:15:10,19.03125,7.9899998,-0.0927734,0,30058,NONAME,52.1339302,-106.6318207,0.88,492.7999878,-22.6000004,0,0,0,4,16,0,0,15,2,20,1,6,10,1
1.7,2999.98999,25,0,1.5719922,616.9143066,112 152 74 74 1 0 0 199 ,1,0,0,19.5,14/02/2020 22:20:03,14/02/2020 22:20:06,19.03125,7.9899998,-0.0927734,0,30356,NONAME,52.1338959,-106.6318207,1.128,      nan,      nan,0,0,0,4,20,57,0,15,2,20,0,6,10,1
1.6,2999.98999,25,0,1.5687696,615.2371826,112 152 74 74 1 0 0 199 ,1,0,0,19.5,14/02/2020 22:25:06,14/02/2020 22:25:10,18.9375,7.9899998,-0.0927734,0,30662,NONAME,      nan,      nan,      nan,      nan,      nan,0,0,0,4,26,0,0,15,2,20,0,7,10,0
1.5,2999.98999,25,0,1.5945507,628.763916,112 152 74 74 1 0 0 199 ,1,0,0,19.5,14/02/2020 22:30:03,14/02/2020 22:30:06,18.9375,7.9899998,-0.0927734,0,30959,NONAME,52.1334152,-106.6323166,0.959,513,-22.6000004,0,0,0,4,30,56,0,15,2,20,1,7,10,1
1.5,2999.98999,25,0,1.5913281,627.0593872,112 152 74 74 1 0 0 199 ,1,0,0,19.5,14/02/2020 22:35:03,14/02/2020 22:35:05,18.96875,7.98,-0.1269531,0,31261,NONAME,52.1333771,-106.6324005,0.829,      nan,      nan,0,0,0,4,35,56,0,15,2,20,0,5,10,1
1.5,2999.98999,25,0,1.5881054,625.3587036,112 152 74 74 1 0 0 199 ,1,0,0,19.5,14/02/2020 22:40:03,14/02/2020 22:40:06,19.03125,7.98,-0.0927734,0,31563,NONAME,52.1340332,-106.6318359,0.93,555,-22.6000004,0,0,0,4,40,56,0,15,2,20,1,6,9,1
1.5,2999.98999,25,0,1.5752149,618.5953979,112 152 74 74 1 0 0 199 ,1,0,0,19.25,14/02/2020 22:45:03,14/02/2020 22:45:06,18.96875,7.9699998,-0.0927734,0,31864,NONAME,52.1339989,-106.6316452,3.1170001,506.2999878,-22.6000004,0,0,0,4,45,57,0,15,2,20,1,5,9,1
1.4,2999.98999,25,0,1.5913281,627.0593872,112 152 74 74 1 0 0 199 ,1,0,0,19.25,14/02/2020 22:50:06,14/02/2020 22:50:10,18.875,7.9699998,-0.0927734,0,32170,NONAME,52.1342812,-106.6318588,0.919,654.7000122,-22.6000004,0,0,0,4,51,0,0,15,2,20,1,7,11,1
1.5,2999.98999,25,0,1.5881054,625.3587036,112 152 74 74 1 0 0 199 ,1,0,0,19.25,14/02/2020 22:55:05,14/02/2020 22:55:09,18.875,7.9699998,-0.0927734,0,32470,NONAME,52.1337929,-106.6319656,2.5580001,      nan,      nan,0,0,0,4,56,0,0,15,2,20,0,5,11,1
1.4,2999.98999,25,0,1.6718946,670.8968506,112 152 74 74 1 0 0 199 ,1,0,0,19.25,14/02/2020 23:00:05,14/02/2020 23:00:09,18.90625,7.9699998,-0.0927734,0,32772,NONAME,      nan,      nan,      nan,      nan,      nan,0,0,0,5,1,0,0,15,2,20,0,5,10,0
1.5,2999.98999,25,0,1.6235547,644.2858276,112 152 74 74 1 0 0 199 ,1,0,0,19.5,14/02/2020 23:05:03,14/02/2020 23:05:06,18.96875,7.96,-0.0927734,0,33071,NONAME,52.1334839,-106.6318359,2.3929999,471.6000061,-22.6000004,0,0,0,5,5,57,0,15,2,20,1,5,9,1
1.4,2999.98999,25,0,1.6138867,639.0755005,112 152 74 74 1 0 0 199 ,1,0,0,19.25,14/02/2020 23:10:06,14/02/2020 23:10:09,18.90625,7.96,-0.0927734,0,33376,NONAME,52.1338577,-106.6317673,0.346,487.1000061,-22.6000004,0,0,0,5,11,0,0,15,2,20,1,9,9,1
1.5,2999.98999,25,0,1.5977734,630.4725342,112 152 74 74 1 0 0 199 ,1,0,0,19.25,14/02/2020 23:15:03,14/02/2020 23:15:06,18.90625,7.96,-0.0927734,0,33674,NONAME,52.1336403,-106.6316528,0.409,445.1000061,-22.6000004,0,0,0,5,15,56,0,15,2,20,1,8,9,1
1.5,2999.98999,25,0,1.5945507,628.763916,112 152 74 74 1 0 0 199 ,1,0,0,19.25,14/02/2020 23:20:03,14/02/2020 23:20:06,18.90625,7.9499998,-0.0878906,0,33976,NONAME,52.133625,-106.6317139,0.166,476.3999939,-22.6000004,0,0,0,5,20,56,0,15,2,20,1,8,9,1
1.5,2999.98999,25,0,1.5881054,625.3587036,112 152 74 74 1 0 0 199 ,1,0,0,19.25,14/02/2020 23:25:03,14/02/2020 23:25:06,18.90625,7.9499998,-0.0927734,0,34277,NONAME,52.1338005,-106.6317596,0.296,477.7000122,-22.6000004,0,0,0,5,25,57,0,15,2,20,1,8,9,1
1.4,2999.98999,25,0,1.6042187,633.9016724,112 152 74 74 1 0 0 199 ,1,0,0,19.25,14/02/2020 23:30:06,14/02/2020 23:30:10,18.875,7.9499998,-0.0927734,0,34582,NONAME,52.1340103,-106.6315613,1.626,515.2999878,-22.6000004,0,0,0,5,31,0,0,15,2,20,1,8,10,1
1.5,2999.98999,25,0,1.5816602,621.9691772,112 152 74 74 1 0 0 199 ,1,0,0,19.25,14/02/2020 23:35:03,14/02/2020 23:35:06,18.875,7.9499998,-0.0878906,0,34880,NONAME,52.1341476,-106.6311417,2.4679999,623.2999878,-22.6000004,0,0,0,5,35,56,0,15,2,20,1,9,10,1
1.5,2999.98999,25,0,1.5945507,628.763916,112 152 74 74 1 0 0 199 ,1,0,0,19.25,14/02/2020 23:40:03,14/02/2020 23:40:06,18.84375,7.9499998,-0.0976562,0,35182,NONAME,52.1338005,-106.6312561,1.0319999,563.7999878,-22.6000004,0,0,0,5,40,56,0,15,2,20,1,6,9,1
1.4,2999.98999,25,0,1.5945507,628.763916,112 152 74 74 1 0 0 199 ,1,0,0,19.25,14/02/2020 23:45:06,14/02/2020 23:45:10,18.90625,7.9499998,-0.0927734,0,35487,NONAME,      nan,      nan,      nan,      nan,      nan,0,0,0,5,46,1,0,15,2,20,0,5,9,0
1.5,2999.98999,25,0,1.5945507,628.763916,112 152 74 74 1 0 0 199 ,1,0,0,19.5,14/02/2020 23:50:03,14/02/2020 23:50:06,18.96875,7.9400001,-0.0927734,0,35785,NONAME,52.1342392,-106.6313095,0.302,556.0999756,-22.6000004,0,0,0,5,50,56,0,15,2,20,1,6,9,1
1.5,2999.98999,25,0,1.5752149,618.5953979,112 152 74 74 1 0 0 199 ,1,0,0,19.25,14/02/2020 23:55:03,14/02/2020 23:55:06,18.90625,7.9400001,-0.0927734,0,36087,NONAME,52.1343193,-106.6310806,1.177,562.4000244,-22.6000004,0,0,0,5,55,56,0,15,2,20,1,7,9,1
1.5,2999.98999,25,0,1.5655469,613.5637817,112 152 74 74 1 0 0 199 ,1,0,0,19.25,15/02/2020 00:00:03,15/02/2020 00:00:06,18.90625,7.9299998,-0.0927734,0,36388,NONAME,52.1341095,-106.6315765,7.309,522.4000244,-22.6000004,0,0,0,6,0,56,0,15,2,20,1,6,9,1
1.5,2999.98999,25,0,1.5655469,613.5637817,112 152 74 74 1 0 0 199 ,1,0,0,19.25,15/02/2020 00:05:03,15/02/2020 00:05:06,18.875,7.9299998,-0.0878906,0,36690,NONAME,52.1341057,-106.6315155,2.6530001,509,-22.6000004,0,0,0,6,5,56,0,15,2,20,1,5,10,1
1.4,2999.98999,25,0,1.5429883,601.9575806,112 152 74 74 1 0 0 199 ,1,0,0,19.25,15/02/2020 00:10:06,15/02/2020 00:10:10,18.90625,7.9299998,-0.0927734,0,36995,NONAME,      nan,      nan,      nan,      nan,      nan,0,0,0,6,11,1,0,15,2,20,0,0,8,0
1.5,2999.98999,25,0,1.5462109,603.604187,112 152 74 74 1 0 0 199 ,1,0,0,19.5,15/02/2020 00:15:03,15/02/2020 00:15:06,19.03125,7.9199996,-0.0927734,0,37293,NONAME,52.1344757,-106.6315079,1.637,537.2000122,-22.6000004,0,0,0,6,15,57,0,15,2,20,1,6,10,1
1.3,2999.98999,25,0,1.5333203,597.0401001,112 152 74 74 1 0 0 199 ,1,0,0,19.25,15/02/2020 00:20:06,15/02/2020 00:20:10,18.8125,7.9199996,-0.0927734,0,37599,NONAME,52.1344223,-106.6317902,3.4070001,556.9000244,-22.6000004,0,0,0,6,21,0,0,15,2,20,1,5,10,1
1.4,2999.98999,25,0,1.5139843,587.3051147,112 152 74 74 1 0 0 199 ,1,0,0,19.25,15/02/2020 00:25:06,15/02/2020 00:25:10,18.8125,7.9099998,-0.0927734,0,37900,NONAME,      nan,      nan,      nan,      nan,      nan,0,0,0,6,26,1,0,15,2,20,0,3,8,0
1.4,2999.98999,25,0,1.526875,593.7803955,112 152 74 74 1 0 0 199 ,1,0,0,19.5,15/02/2020 00:30:06,15/02/2020 00:30:10,18.84375,7.9099998,-0.0878906,0,38202,NONAME,      nan,      nan,      nan,      nan,      nan,0,0,0,6,31,1,0,15,2,20,0,5,8,0
1.5,2999.98999,25,0,1.5204297,590.5354614,112 152 74 74 1 0 0 199 ,1,0,0,19.5,15/02/2020 00:35:05,15/02/2020 00:35:09,19,7.9099998,-0.0927734,0,38502,NONAME,      nan,      nan,      nan,      nan,      nan,0,0,0,6,36,0,0,15,2,20,0,4,9,0
1.5,2999.98999,25,0,1.5043164,582.4869385,112 152 74 74 1 0 0 199 ,1,0,0,19.5,15/02/2020 00:40:06,15/02/2020 00:40:10,18.90625,7.9099998,-0.0878906,0,38805,NONAME,      nan,      nan,      nan,      nan,      nan,0,0,0,6,41,1,0,15,2,20,0,6,9,0
1.4,2999.98999,25,0,1.4559766,558.8741455,112 152 74 74 1 0 0 199 ,1,0,0,19.5,15/02/2020 00:45:05,15/02/2020 00:45:09,18.9375,7.9099998,-0.0927734,0,39106,NONAME,      nan,      nan,      nan,      nan,      nan,0,0,0,6,46,0,0,15,2,20,0,4,9,0
1.4,2999.98999,25,0,1.4301953,546.5958862,112 152 74 74 1 0 0 199 ,1,0,0,19.5,15/02/2020 00:50:06,15/02/2020 00:50:10,18.9375,7.9099998,-0.0878906,0,39408,NONAME,      nan,      nan,      nan,      nan,      nan,0,0,0,6,51,1,0,15,2,20,0,3,10,0
1.4,2999.98999,25,0,1.4205273,542.0460815,112 152 74 74 1 0 0 199 ,1,0,0,19.5,15/02/2020 00:55:06,15/02/2020 00:55:10,18.90625,7.8999996,-0.0927734,0,39710,NONAME,      nan,      nan,      nan,      nan,      nan,0,0,0,6,56,1,0,15,2,20,0,0,8,0
1.5,2999.98999,25,0,1.4430859,552.708252,112 152 74 74 1 0 0 199 ,1,0,0,19.5,15/02/2020 01:00:03,15/02/2020 01:00:06,18.9375,7.8999996,-0.0927734,0,40008,NONAME,52.1338768,-106.6314163,0.288,478.3999939,-22.6000004,0,0,0,7,0,57,0,15,2,20,1,6,9,1
1.5,2999.98999,25,0,1.4301953,546.5958862,112 152 74 74 1 0 0 199 ,1,0,0,19.5,15/02/2020 01:05:03,15/02/2020 01:05:06,18.84375,7.8999996,-0.0927734,0,40309,NONAME,52.1340714,-106.6312943,3.556,477.2000122,-22.6000004,0,0,0,7,5,57,0,15,2,20,1,6,10,1
1.6,2999.98999,25,0,1.4140821,539.0292358,112 152 74 74 1 0 0 199 ,1,0,0,19.25,15/02/2020 01:10:03,15/02/2020 01:10:06,18.90625,7.8899999,-0.0927734,0,40611,NONAME,52.1339645,-106.6314621,2.7249999,498.6000061,-22.6000004,0,0,0,7,10,56,0,15,2,20,1,5,10,1
1.6,2999.98999,25,0,1.3883008,527.0894165,112 152 74 74 1 0 0 199 ,1,0,0,19.25,15/02/2020 01:15:03,15/02/2020 01:15:06,18.8125,7.8999996,-0.0878906,0,40912,NONAME,52.1340714,-106.6311722,0.39,467,-22.6000004,0,0,0,7,15,56,0,15,2,20,1,5,9,1
1.6,2999.98999,25,0,1.3721875,519.7286377,112 152 74 74 1 0 0 199 ,1,0,0,19.25,15/02/2020 01:20:03,15/02/2020 01:20:06,18.71875,7.8899999,-0.0927734,0,41214,NONAME,52.1339569,-106.6314087,4.5570002,475.1000061,-22.6000004,0,0,0,7,20,56,0,15,2,20,1,4,9,1
1.6,2999.98999,25,0,1.3721875,519.7286377,112 152 74 74 1 0 0 199 ,1,0,0,19.25,15/02/2020 01:25:03,15/02/2020 01:25:06,18.75,7.8899999,-0.0927734,0,41515,NONAME,52.1340294,-106.6315536,0.511,543.0999756,-22.6000004,0,0,0,7,25,56,0,15,2,20,1,5,10,1
1.6,2999.98999,25,0,1.3592969,513.8950195,112 152 74 74 1 0 0 199 ,1,0,0,19.25,15/02/2020 01:30:03,15/02/2020 01:30:06,18.71875,7.8899999,-0.0927734,0,41817,NONAME,52.1337166,-106.6315689,0.534,468.8999939,-22.6000004,0,0,0,7,30,57,0,15,2,20,1,4,7,1
1.5,2999.98999,25,0,1.3399609,505.2340088,112 152 74 74 1 0 0 199 ,1,0,0,19.25,15/02/2020 01:35:05,15/02/2020 01:35:09,18.75,7.8899999,-0.0927734,0,42121,NONAME,52.1340141,-106.631485,0.43,478,-22.6000004,0,0,0,7,35,59,0,15,2,20,1,6,10,1
1.5,2999.98999,25,0,1.3431836,506.670166,112 152 74 74 1 0 0 199 ,1,0,0,19.25,15/02/2020 01:40:06,15/02/2020 01:40:10,18.75,7.8899999,-0.0927734,0,42424,NONAME,      nan,      nan,      nan,      nan,      nan,0,0,0,7,41,1,0,15,2,20,0,3,7,0
1.2,2999.98999,25,0,1.3206249,496.6778564,112 152 74 74 1 0 0 199 ,1,0,0,19.25,15/02/2020 01:45:06,15/02/2020 01:45:10,18.78125,7.8799996,-0.0927734,0,42725,NONAME,52.1335373,-106.6317978,1.074,469.5,-22.6000004,0,0,0,7,46,1,0,15,2,20,1,5,10,1
1.6,2999.98999,25,0,1.3302929,500.9429932,112 152 74 74 1 0 0 199 ,1,0,0,19.25,15/02/2020 01:50:03,15/02/2020 01:50:06,18.75,7.8799996,-0.0927734,0,43023,NONAME,52.1337547,-106.6318436,1.62,      nan,      nan,0,0,0,7,50,57,0,15,2,20,0,5,9,1
1.5,2999.98999,25,0,1.3012891,488.2237244,112 152 74 74 1 0 0 199 ,1,0,0,19.25,15/02/2020 01:55:06,15/02/2020 01:55:10,18.78125,7.8799996,-0.0927734,0,43328,NONAME,      nan,      nan,      nan,      nan,      nan,0,0,0,7,56,1,0,15,2,20,0,5,8,0
1.3,2999.98999,25,0,1.2722851,475.7273254,112 152 74 74 1 0 0 199 ,1,0,0,19.25,15/02/2020 02:00:06,15/02/2020 02:00:10,18.875,7.8799996,-0.0927734,0,43630,NONAME,52.1339607,-106.6313248,0.848,428.7999878,-22.6000004,0,0,0,8,1,1,0,15,2,20,1,7,8,1
1.5,2999.98999,25,0,1.2819531,479.8686218,112 152 74 74 1 0 0 199 ,1,0,0,19.25,15/02/2020 02:05:06,15/02/2020 02:05:10,18.84375,7.8699999,-0.0927734,0,43932,NONAME,      nan,      nan,      nan,      nan,      nan,0,0,0,8,6,1,0,15,2,20,0,0,9,0
1.4,2999.98999,25,0,1.2722851,475.7273254,112 152 74 74 1 0 0 199 ,1,0,0,19.25,15/02/2020 02:10:06,15/02/2020 02:10:10,18.78125,7.8699999,-0.0878906,0,44233,NONAME,      nan,      nan,      nan,      nan,      nan,0,0,0,8,11,1,0,15,2,20,0,4,9,0
1.3,2999.98999,25,0,1.2303907,458.0508118,112 152 74 74 1 0 0 199 ,1,0,0,19.5,15/02/2020 02:15:06,15/02/2020 02:15:09,18.84375,7.8699999,-0.0927734,0,44535,NONAME,52.1338539,-106.6315842,0.896,456,-22.6000004,0,0,0,8,16,0,0,15,2,20,1,7,10,1
1.5,2999.98999,25,0,1.2497265,466.1558228,112 152 74 74 1 0 0 199 ,1,0,0,19.25,15/02/2020 02:20:03,15/02/2020 02:20:06,18.875,7.8699999,-0.0927734,0,44833,NONAME,52.1338501,-106.6317902,0.685,493.2000122,-22.6000004,0,0,0,8,20,57,0,15,2,20,1,6,9,1
1.5,2999.98999,25,0,1.227168,456.7086487,112 152 74 74 1 0 0 199 ,1,0,0,19.25,15/02/2020 02:25:05,15/02/2020 02:25:09,18.84375,7.8699999,-0.0927734,0,45137,NONAME,      nan,      nan,      nan,      nan,      nan,0,0,0,8,26,0,0,15,2,20,0,7,9,0
1.4,2999.98999,25,0,1.2110547,450.0342407,112 152 74 74 1 0 0 199 ,1,0,0,19.25,15/02/2020 02:30:03,15/02/2020 02:30:06,18.84375,7.8699999,-0.0927734,0,45436,NONAME,52.1336288,-106.6318436,1.1,586.9000244,-22.6000004,0,0,0,8,30,56,0,15,2,20,1,8,9,1
1.5,2999.98999,25,0,1.2046094,447.3812256,112 152 74 74 1 0 0 199 ,1,0,0,19.25,15/02/2020 02:35:03,15/02/2020 02:35:05,18.78125,7.8699999,-0.0927734,0,45737,NONAME,52.133812,-106.631752,0.533,506.5,-22.6000004,0,0,0,8,35,56,0,15,2,20,1,9,10,1
1.5,2999.98999,25,0,1.1852734,439.4781189,112 152 74 74 1 0 0 199 ,1,0,0,19.25,15/02/2020 02:40:06,15/02/2020 02:40:10,18.75,7.8699999,-0.0927734,0,46042,NONAME,      nan,      nan,      nan,      nan,      nan,0,0,0,8,41,0,0,15,2,20,0,8,10,0
1.4,2999.98999,25,0,1.207832,448.706543,112 152 74 74 1 0 0 199 ,1,0,0,19.25,15/02/2020 02:45:03,15/02/2020 02:45:06,18.78125,7.8699999,-0.0927734,0,46340,NONAME,52.1339264,-106.6316681,0.348,      nan,      nan,0,0,0,8,45,57,0,15,2,20,0,8,10,1
1.5,2999.98999,25,0,1.1981641,444.7376099,112 152 74 74 1 0 0 199 ,1,0,0,19.25,15/02/2020 02:50:03,15/02/2020 02:50:06,18.78125,7.8699999,-0.0927734,0,46642,NONAME,52.1341057,-106.6315613,0.55,520.0999756,-22.6000004,0,0,0,8,50,56,0,15,2,20,1,8,10,1
1.4,2999.98999,25,0,1.1659375,431.6567383,112 152 74 74 1 0 0 199 ,1,0,0,19.25,15/02/2020 02:55:06,15/02/2020 02:55:09,18.8125,7.8599997,-0.0927734,0,46947,NONAME,52.1338234,-106.6317596,0.429,      nan,      nan,0,0,0,8,56,0,0,15,2,20,0,7,10,1
1.5,2999.98999,25,0,1.2207227,454.0316467,112 152 74 74 1 0 0 199 ,1,0,0,19,15/02/2020 03:00:03,15/02/2020 03:00:05,18.75,7.8699999,-0.0927734,0,47245,NONAME,52.1336899,-106.6319046,4.6129999,483.5,-22.6000004,0,0,0,9,0,56,0,15,2,20,1,5,10,1
1.5,2999.98999,25,0,1.2110547,450.0342407,112 152 74 74 1 0 0 199 ,1,0,0,19,15/02/2020 03:05:03,15/02/2020 03:05:06,18.75,7.8599997,-0.0927734,0,47547,NONAME,52.1334724,-106.6320724,0.361,      nan,      nan,0,0,0,9,5,57,0,15,2,20,0,4,11,1
1.5,2999.98999,25,0,1.2110547,450.0342407,112 152 74 74 1 0 0 199 ,1,0,0,19,15/02/2020 03:10:05,15/02/2020 03:10:08,18.65625,7.8599997,-0.0927734,0,47851,NONAME,52.1338997,-106.6317368,2.0780001,485.8999939,-22.6000004,0,0,0,9,10,59,0,15,2,20,1,7,10,1
1.4,2999.98999,25,0,1.2013867,446.0582275,112 152 74 74 1 0 0 199 ,1,0,0,19,15/02/2020 03:15:05,15/02/2020 03:15:09,18.6875,7.8599997,-0.0927734,0,48153,NONAME,52.1339111,-106.6315918,0.971,486.2000122,-22.6000004,0,0,0,9,15,59,0,15,2,20,1,6,10,1
1.4,2999.98999,25,0,1.1852734,439.4781189,112 152 74 74 1 0 0 199 ,1,0,0,19,15/02/2020 03:20:05,15/02/2020 03:20:09,18.65625,7.8599997,-0.0927734,0,48454,NONAME,52.1342468,-106.6315384,2.2909999,542.7999878,-22.6000004,0,0,0,9,20,59,0,15,2,20,1,6,10,1
1.4,2999.98999,25,0,1.1852734,439.4781189,112 152 74 74 1 0 0 199 ,1,0,0,19,15/02/2020 03:25:06,15/02/2020 03:25:10,18.6875,7.8499999,-0.0927734,0,48757,NONAME,      nan,      nan,      nan,      nan,      nan,0,0,0,9,26,1,0,15,2,20,0,0,10,0
1.4,2999.98999,25,0,1.1594921,429.0672302,112 152 74 74 1 0 0 199 ,1,0,0,19.25,15/02/2020 03:30:06,15/02/2020 03:30:09,18.65625,7.8499999,-0.0878906,0,49058,NONAME,      nan,      nan,      nan,      nan,      nan,0,0,0,9,31,0,0,15,2,20,0,4,10,0
1.2,2999.98999,25,0,1.133711,418.7948303,112 152 74 74 1 0 0 199 ,1,0,0,19.25,15/02/2020 03:35:06,15/02/2020 03:35:10,18.6875,7.8499999,-0.0927734,0,49360,NONAME,52.1342506,-106.6316299,0.917,536.0999756,-22.6000004,0,0,0,9,36,0,0,15,2,20,1,6,9,1
1.4,2999.98999,25,0,1.1466016,423.9141541,112 152 74 74 1 0 0 199 ,1,0,0,19.25,15/02/2020 03:40:06,15/02/2020 03:40:09,18.59375,7.8499999,-0.0927734,0,49661,NONAME,      nan,      nan,      nan,      nan,      nan,0,0,0,9,41,0,0,15,2,20,0,4,9,0
1.4,2999.98999,25,0,1.1304883,417.5201416,112 152 74 74 1 0 0 199 ,1,0,0,19.25,15/02/2020 03:45:06,15/02/2020 03:45:09,18.75,7.8499999,-0.0927734,0,49963,NONAME,      nan,      nan,      nan,      nan,      nan,0,0,0,9,46,0,0,15,2,20,0,5,8,0
1.1,2999.98999,25,0,1.1111523,409.9145508,112 152 74 74 1 0 0 199 ,1,0,0,19.25,15/02/2020 03:50:06,15/02/2020 03:50:09,18.71875,7.8499999,-0.0927734,0,50264,NONAME,52.1345215,-106.6316223,1.044,543,-22.6000004,0,0,0,9,51,0,0,15,2,20,1,8,11,1
1.5,2999.98999,25,0,1.133711,418.7948303,112 152 74 74 1 0 0 199 ,1,0,0,19.25,15/02/2020 03:55:06,15/02/2020 03:55:10,18.65625,7.8399997,-0.0927734,0,50566,NONAME,      nan,      nan,      nan,      nan,      nan,0,0,0,9,56,1,0,15,2,20,0,6,8,0
1.4,2999.98999,25,0,1.1111523,409.9145508,112 152 74 74 1 0 0 199 ,1,0,0,19.25,15/02/2020 04:00:06,15/02/2020 04:00:10,18.625,7.8399997,-0.0927734,0,50867,NONAME,52.1340179,-106.6316681,0.556,499.2999878,-22.6000004,0,0,0,10,1,1,0,15,2,20,1,6,8,1
1.5,2999.98999,25,0,1.1014844,406.1384583,112 152 74 74 1 0 0 199 ,1,0,0,19.25,15/02/2020 04:05:06,15/02/2020 04:05:10,18.71875,7.8399997,-0.0927734,0,51169,NONAME,52.1341591,-106.6316299,0.211,520.2999878,-22.6000004,0,0,0,10,6,0,0,15,2,20,1,7,8,1
1.5,2999.98999,25,0,1.1014844,406.1384583,112 152 74 74 1 0 0 199 ,1,0,0,19.25,15/02/2020 04:10:06,15/02/2020 04:10:10,18.625,7.8299999,-0.0927734,0,51470,NONAME,      nan,      nan,      nan,      nan,      nan,0,0,0,10,11,1,0,15,2,20,0,4,9,0
1.5,2999.98999,25,0,1.0370313,381.3887634,112 152 74 74 1 0 0 199 ,1,0,0,19.25,15/02/2020 04:15:06,15/02/2020 04:15:09,18.65625,7.8299999,-0.0878906,0,51771,NONAME,      nan,      nan,      nan,      nan,      nan,0,0,0,10,16,0,0,15,2,20,0,6,10,0
1.4,2999.98999,25,0,0.9983593,366.8632812,112 152 74 74 1 0 0 199 ,1,0,0,19.25,15/02/2020 04:20:06,15/02/2020 04:20:10,18.65625,7.8299999,-0.0878906,0,52073,NONAME,      nan,      nan,      nan,      nan,      nan,0,0,0,10,21,1,0,15,2,20,0,5,10,0
1.5,2999.98999,25,0,1.0144726,372.888092,112 152 74 74 1 0 0 199 ,1,0,0,19.25,15/02/2020 04:25:03,15/02/2020 04:25:06,18.65625,7.8299999,-0.0927734,0,52371,NONAME,52.1338921,-106.6316299,1.224,489.5,-22.6000004,0,0,0,10,25,56,0,15,2,20,1,6,10,1
1.5,2999.98999,25,0,0.9886914,363.266449,112 152 74 74 1 0 0 199 ,1,0,0,19.25,15/02/2020 04:30:03,15/02/2020 04:30:06,18.6875,7.8299999,-0.0927734,0,52673,NONAME,52.1338196,-106.6315842,0.506,467.1000061,-22.6000004,0,0,0,10,30,56,0,15,2,20,1,7,9,1
1.5,2999.98999,25,0,0.9661328,354.9239502,112 152 74 74 1 0 0 199 ,1,0,0,19.25,15/02/2020 04:35:05,15/02/2020 04:35:09,18.625,7.8299999,-0.0927734,0,52977,NONAME,      nan,      nan,      nan,      nan,      nan,0,0,0,10,36,0,0,15,2,20,0,6,9,0
1.3,2999.98999,25,0,0.9629102,353.7377014,112 152 74 74 1 0 0 199 ,1,0,0,19.25,15/02/2020 04:40:03,15/02/2020 04:40:06,18.71875,7.8299999,-0.0927734,0,53276,NONAME,52.1338615,-106.6316299,1.443,492.2000122,-22.6000004,0,0,0,10,40,56,0,15,2,20,1,8,9,1
1.4,2999.98999,25,0,0.9532422,350.1870117,112 152 74 74 1 0 0 199 ,1,0,0,19,15/02/2020 04:45:06,15/02/2020 04:45:09,18.6875,7.8299999,-0.0927734,0,53581,NONAME,52.133873,-106.6317444,0.533,464.8999939,-22.6000004,0,0,0,10,45,59,0,15,2,20,1,8,11,1
1.5,2999.98999,25,0,0.9435742,346.6480713,112 152 74 74 1 0 0 199 ,1,0,0,19,15/02/2020 04:50:06,15/02/2020 04:50:10,18.6875,7.8199997,-0.0927734,0,53883,NONAME,      nan,      nan,      nan,      nan,      nan,0,0,0,10,51,1,0,15,2,20,0,4,11,0
1.3,2999.98999,25,0,0.9403515,345.4709473,112 152 74 74 1 0 0 199 ,1,0,0,19.25,15/02/2020 04:55:03,15/02/2020 04:55:06,18.59375,7.8099999,-0.0927734,0,54181,NONAME,52.1340523,-106.631546,1.3839999,516.2999878,-22.6000004,0,0,0,10,55,56,0,15,2,20,1,9,11,1
1.4,2999.98999,25,0,0.9403515,345.4709473,112 152 74 74 1 0 0 199 ,1,0,0,19,15/02/2020 05:00:03,15/02/2020 05:00:05,18.59375,7.8099999,-0.0976562,0,54482,NONAME,52.1341743,-106.6315231,4.8319998,538.2999878,-22.6000004,0,0,0,11,0,56,0,15,2,20,1,7,12,1
1.5,2999.98999,25,0,0.9467969,347.826416,112 152 74 74 1 0 0 199 ,1,0,0,19,15/02/2020 05:05:03,15/02/2020 05:05:06,18.53125,7.8099999,-0.0927734,0,54784,NONAME,52.1340179,-106.631752,1.5319999,554.5999756,-22.6000004,0,0,0,11,5,56,0,15,2,20,1,7,10,1
1.4,2999.98999,25,0,0.9306836,341.947113,112 152 74 74 1 0 0 199 ,1,0,0,19,15/02/2020 05:10:06,15/02/2020 05:10:09,18.625,7.8099999,-0.0927734,0,55088,NONAME,      nan,      nan,      nan,      nan,      nan,0,0,0,11,10,59,0,15,2,20,0,4,10,0
1.3,2999.98999,25,0,0.9306836,341.947113,112 152 74 74 1 0 0 199 ,1,0,0,19.25,15/02/2020 05:15:03,15/02/2020 05:15:06,18.59375,7.8099999,-0.0927734,0,55387,NONAME,52.134037,-106.6315689,2.9679999,      nan,      nan,0,0,0,11,15,57,0,15,2,20,0,5,10,1
1.4,2999.98999,25,0,0.9242383,339.6039429,112 152 74 74 1 0 0 199 ,1,0,0,19,15/02/2020 05:20:03,15/02/2020 05:20:06,18.65625,7.8099999,-0.0927734,0,55688,NONAME,52.1344833,-106.6316605,0.502,607.4000244,-22.6000004,0,0,0,11,20,56,0,15,2,20,1,6,10,1
1.4,2999.98999,25,0,0.8984571,330.2776489,112 152 74 74 1 0 0 199 ,1,0,0,19,15/02/2020 05:25:06,15/02/2020 05:25:10,18.5,7.8099999,-0.0927734,0,55993,NONAME,      nan,      nan,      nan,      nan,      nan,0,0,0,11,26,1,0,15,2,20,0,5,10,0
1.2,2999.98999,25,0,0.9049023,332.602478,112 152 74 74 1 0 0 199 ,1,0,0,19.25,15/02/2020 05:30:03,15/02/2020 05:30:06,18.5625,7.7999997,-0.0927734,0,56291,NONAME,52.1340561,-106.6316223,2.0139999,503.8999939,-22.6000004,0,0,0,11,30,56,0,15,2,20,1,8,9,1
1.4,2999.98999,25,0,0.9016797,331.4395142,112 152 74 74 1 0 0 199 ,1,0,0,19,15/02/2020 05:35:03,15/02/2020 05:35:06,18.5625,7.7999997,-0.0927734,0,56593,NONAME,52.1341782,-106.6313477,1.33,541,-22.6000004,0,0,0,11,35,57,0,15,2,20,1,7,8,1
1.4,2999.98999,25,0,0.8887891,326.7984009,112 152 74 74 1 0 0 199 ,1,0,0,19,15/02/2020 05:40:06,15/02/2020 05:40:09,18.59375,7.7999997,-0.0927734,0,56898,NONAME,52.1338081,-106.6314545,0.631,489.7000122,-22.6000004,0,0,0,11,41,0,0,15,2,20,1,7,11,1
1.4,2999.98999,25,0,0.8662305,318.7159424,112 152 74 74 1 0 0 199 ,1,0,0,19,15/02/2020 05:45:06,15/02/2020 05:45:10,18.46875,7.79,-0.0927734,0,57200,NONAME,52.1343269,-106.6318436,1.064,520.2999878,-22.6000004,0,0,0,11,46,0,0,15,2,20,1,6,10,1
1.4,2999.98999,25,0,0.8630078,317.5651855,112 152 74 74 1 0 0 199 ,1,0,0,19,15/02/2020 05:50:05,15/02/2020 05:50:09,18.59375,7.79,-0.0927734,0,57500,NONAME,52.1340179,-106.6316757,2.6989999,528.9000244,-22.6000004,0,0,0,11,50,59,0,15,2,20,1,8,10,1
1.4,2999.98999,25,0,0.8533399,314.1184082,112 152 74 74 1 0 0 199 ,1,0,0,19,15/02/2020 05:55:06,15/02/2020 05:55:10,18.5625,7.79,-0.0927734,0,57803,NONAME,      nan,      nan,      nan,      nan,      nan,0,0,0,11,56,1,0,15,2,20,0,0,10,0
1.1,2999.98999,25,0,0.8404492,309.5351562,112 152 74 74 1 0 0 199 ,1,0,0,19.25,15/02/2020 06:00:05,15/02/2020 06:00:08,18.5625,7.79,-0.0927734,0,58104,NONAME,52.1341896,-106.6314774,0.639,501.2000122,-22.6000004,0,0,0,12,0,59,0,15,2,20,1,9,12,1
1.3,2999.98999,25,0,0.8436719,310.6796875,112 152 74 74 1 0 0 199 ,1,0,0,19,15/02/2020 06:05:05,15/02/2020 06:05:09,18.59375,7.79,-0.0927734,0,58405,NONAME,      nan,      nan,      nan,      nan,      nan,0,0,0,12,5,59,0,15,2,20,0,7,10,0
1.3,2999.98999,25,0,0.8436719,310.6796875,112 152 74 74 1 0 0 199 ,1,0,0,19.25,15/02/2020 06:10:03,15/02/2020 06:10:06,18.625,7.79,-0.0976562,0,58704,NONAME,52.1338539,-106.6315613,0.257,464.5,-22.6000004,0,0,0,12,10,56,0,15,2,20,1,6,10,1
1.4,2999.98999,25,0,0.8372266,308.391449,112 152 74 74 1 0 0 199 ,1,0,0,19,15/02/2020 06:15:03,15/02/2020 06:15:06,18.4375,7.79,-0.0927734,0,59005,NONAME,52.1340408,-106.6312485,8.6440001,      nan,      nan,0,0,0,12,15,57,0,15,2,20,0,4,10,1
1.4,2999.98999,25,0,0.8178906,301.5461121,112 152 74 74 1 0 0 199 ,1,0,0,19,15/02/2020 06:20:06,15/02/2020 06:20:10,18.59375,7.79,-0.0927734,0,59310,NONAME,      nan,      nan,      nan,      nan,      nan,0,0,0,12,21,0,0,15,2,20,0,4,10,0
1.1,2999.98999,25,0,0.7985547,294.7275085,112 152 74 74 1 0 0 199 ,1,0,0,19.25,15/02/2020 06:25:06,15/02/2020 06:25:10,18.5,7.7799997,-0.0927734,0,59612,NONAME,52.134243,-106.6317902,2.3889999,517.7000122,-22.6000004,0,0,0,12,26,0,0,15,2,20,1,7,10,1
1.2,2999.98999,25,0,0.8114453,299.2704163,112 152 74 74 1 0 0 199 ,1,0,0,19,15/02/2020 06:30:03,15/02/2020 06:30:06,18.46875,7.7799997,-0.0927734,0,59910,NONAME,52.1340561,-106.6315994,1.714,539.5,-22.6000004,0,0,0,12,30,56,0,15,2,20,1,7,10,1
1.3,2999.98999,25,0,0.795332,293.5934753,112 152 74 74 1 0 0 199 ,1,0,0,19,15/02/2020 06:35:06,15/02/2020 06:35:10,18.5,7.77,-0.0927734,0,60215,NONAME,      nan,      nan,      nan,      nan,      nan,0,0,0,12,36,0,0,15,2,20,0,5,10,0
1.2,2999.98999,25,0,0.7824414,289.0636902,112 152 74 74 1 0 0 199 ,1,0,0,19.25,15/02/2020 06:40:03,15/02/2020 06:40:05,18.59375,7.77,-0.0927734,0,60513,NONAME,52.1339607,-106.6315689,1.243,      nan,      nan,0,0,0,12,40,56,0,15,2,20,0,6,10,1
1.3,2999.98999,25,0,0.7727734,285.6726074,112 152 74 74 1 0 0 199 ,1,0,0,19,15/02/2020 06:45:06,15/02/2020 06:45:09,18.5,7.77,-0.0927734,0,60817,NONAME,      nan,      nan,      nan,      nan,      nan,0,0,0,12,46,0,0,15,2,20,0,0,11,0
1.1,2999.98999,25,0,0.7663282,283.4147339,112 152 74 74 1 0 0 199 ,1,0,0,19.25,15/02/2020 06:50:06,15/02/2020 06:50:09,18.5,7.77,-0.0927734,0,61119,NONAME,52.1342239,-106.6316681,0.276,553.2000122,-22.6000004,0,0,0,12,50,59,0,15,2,20,1,8,11,1
1.2,2999.98999,25,0,0.7663282,283.4147339,112 152 74 74 1 0 0 199 ,1,0,0,19,15/02/2020 06:55:06,15/02/2020 06:55:10,18.5,7.77,-0.0927734,0,61421,NONAME,      nan,      nan,      nan,      nan,      nan,0,0,0,12,56,0,0,15,2,20,0,6,11,0
1.2,2999.98999,25,0,0.7631055,282.2865601,112 152 74 74 1 0 0 199 ,1,0,0,19.25,15/02/2020 07:00:05,15/02/2020 07:00:09,18.5,7.7599998,-0.0927734,0,61722,NONAME,52.1340218,-106.6317596,1.813,521.2000122,-22.6000004,0,0,0,13,0,59,0,15,2,20,1,7,11,1
1.2,2999.98999,25,0,0.7631055,282.2865601,112 152 74 74 1 0 0 199 ,1,0,0,19,15/02/2020 07:05:06,15/02/2020 07:05:10,18.5,7.77,-0.0927734,0,62024,NONAME,      nan,      nan,      nan,      nan,      nan,0,0,0,13,6,1,0,15,2,20,0,0,11,0
1.2,2999.98999,25,0,0.7341016,272.1547546,112 152 74 74 1 0 0 199 ,1,0,0,19.25,15/02/2020 07:10:06,15/02/2020 07:10:10,18.5625,7.7599998,-0.0878906,0,62325,NONAME,      nan,      nan,      nan,      nan,      nan,0,0,0,13,11,1,0,15,2,20,0,0,12,0
1.1,2999.98999,25,0,0.7373242,273.2787476,112 152 74 74 1 0 0 199 ,1,0,0,19.25,15/02/2020 07:15:03,15/02/2020 07:15:05,18.5625,7.75,-0.0927734,0,62623,NONAME,52.1338997,-106.6319885,0.173,434.1000061,-22.6000004,0,0,0,13,15,56,0,15,2,20,1,7,10,1
1.2,2999.98999,25,0,0.7276562,269.9079285,112 152 74 74 1 0 0 199 ,1,0,0,19,15/02/2020 07:20:06,15/02/2020 07:20:09,18.5625,7.75,-0.0927734,0,62928,NONAME,52.1339874,-106.6312408,0.922,519.9000244,-22.6000004,0,0,0,13,21,0,0,15,2,20,1,9,10,1
1.3,2999.98999,25,0,0.7405469,274.4031677,112 152 74 74 1 0 0 199 ,1,0,0,19,15/02/2020 07:25:03,15/02/2020 07:25:06,18.53125,7.75,-0.0927734,0,63226,NONAME,52.1339645,-106.6314545,1.313,478.8999939,-22.6000004,0,0,0,13,25,56,0,15,2,20,1,7,10,1
1.3,2999.98999,25,0,0.7341016,272.1547546,112 152 74 74 1 0 0 199 ,1,0,0,19,15/02/2020 07:30:03,15/02/2020 07:30:06,18.53125,7.75,-0.0927734,0,63528,NONAME,52.1339874,-106.6314011,1.3789999,      nan,      nan,0,0,0,13,30,57,0,15,2,20,0,4,10,1
1.3,2999.98999,25,0,0.711543,264.2970276,112 152 74 74 1 0 0 199 ,1,0,0,19,15/02/2020 07:35:06,15/02/2020 07:35:09,18.5,7.75,-0.0927734,0,63832,NONAME,52.1342773,-106.6315918,1.151,539.7999878,-22.6000004,0,0,0,13,35,59,0,15,2,20,1,7,10,1
1.3,2999.98999,25,0,0.7050977,262.0549011,112 152 74 74 1 0 0 199 ,1,0,0,19,15/02/2020 07:40:06,15/02/2020 07:40:10,18.46875,7.75,-0.0927734,0,64134,NONAME,52.1339035,-106.6314468,0.589,504.2000122,-22.6000004,0,0,0,13,41,0,0,15,2,20,1,5,10,1
1.3,2999.98999,25,0,0.6986523,259.8138123,112 152 74 74 1 0 0 199 ,1,0,0,19,15/02/2020 07:45:06,15/02/2020 07:45:10,18.5,7.75,-0.0927734,0,64436,NONAME,52.1336937,-106.6319199,0.275,      nan,      nan,0,0,0,13,46,1,0,15,2,20,0,4,9,1
1.3,2999.98999,25,0,0.692207,257.573761,112 152 74 74 1 0 0 199 ,1,0,0,19,15/02/2020 07:50:06,15/02/2020 07:50:10,18.4375,7.7399998,-0.0927734,0,64737,NONAME,      nan,      nan,      nan,      nan,      nan,0,0,0,13,51,1,0,15,2,20,0,3,9,0
1.2,2999.98999,25,0,0.692207,257.573761,112 152 74 74 1 0 0 199 ,1,0,0,19,15/02/2020 07:55:03,15/02/2020 07:55:06,18.4375,7.7399998,-0.0878906,0,65035,NONAME,52.1339302,-106.6317368,1.994,539.7000122,-22.6000004,0,0,0,13,55,56,0,15,2,20,1,6,9,1
1.3,2999.98999,25,0,0.701875,260.9342346,112 152 74 74 1 0 0 199 ,1,0,0,19,15/02/2020 08:00:03,15/02/2020 08:00:05,18.53125,7.7399998,-0.0927734,0,65337,NONAME,52.1338806,-106.6315689,0.875,462,-22.6000004,0,0,0,14,0,56,0,15,2,20,1,6,10,1
1.4,2999.98999,25,0,0.6954297,258.6936646,112 152 74 74 1 0 0 199 ,1,0,0,19,15/02/2020 08:05:03,15/02/2020 08:05:05,18.5,7.7399998,-0.0976562,0,65638,NONAME,52.1338234,-106.631691,0.261,486.7999878,-22.6000004,0,0,0,14,5,56,0,15,2,20,1,7,12,1
1.4,2999.98999,25,0,0.692207,257.573761,112 152 74 74 1 0 0 199 ,1,0,0,18.75,15/02/2020 08:10:03,15/02/2020 08:10:06,18.46875,7.73,-0.0927734,0,65939,NONAME,52.1339035,-106.6314621,0.635,485.5,-22.6000004,0,0,0,14,10,56,0,15,2,20,1,7,10,1
1.4,2999.98999,25,0,0.692207,257.573761,112 152 74 74 1 0 0 199 ,1,0,0,18.75,15/02/2020 08:15:03,15/02/2020 08:15:06,18.34375,7.73,-0.0927734,0,66241,NONAME,52.1341896,-106.6317749,0.173,      nan,      nan,0,0,0,14,15,57,0,15,2,20,0,5,10,1
1.4,2999.98999,25,0,0.682539,254.215271,112 152 74 74 1 0 0 199 ,1,0,0,18.75,15/02/2020 08:20:03,15/02/2020 08:20:06,18.4375,7.73,-0.0927734,0,66542,NONAME,52.1337738,-106.6317749,0.549,504.2999878,-22.6000004,0,0,0,14,20,56,0,15,2,20,1,6,9,1
1.4,2999.98999,25,0,0.6793164,253.0961456,112 152 74 74 1 0 0 199 ,1,0,0,18.75,15/02/2020 08:25:03,15/02/2020 08:25:06,18.46875,7.73,-0.0878906,0,66844,NONAME,52.1337509,-106.631897,0.617,507.6000061,-22.6000004,0,0,0,14,25,56,0,15,2,20,1,5,9,1
1.4,2999.98999,25,0,0.6760938,251.9772034,112 152 74 74 1 0 0 199 ,1,0,0,18.75,15/02/2020 08:30:03,15/02/2020 08:30:06,18.40625,7.73,-0.0878906,0,67145,NONAME,52.1338615,-106.6317749,0.656,526.4000244,-22.6000004,0,0,0,14,30,57,0,15,2,20,1,4,9,1
1.4,2999.98999,25,0,0.6696485,249.7397614,112 152 74 74 1 0 0 199 ,1,0,0,18.75,15/02/2020 08:35:03,15/02/2020 08:35:06,18.375,7.73,-0.1025391,0,67447,NONAME,52.1338692,-106.6316452,0.374,489.7000122,-22.6000004,0,0,0,14,35,57,0,15,2,20,1,4,9,1
1.4,2999.98999,25,0,0.6535352,244.1480865,112 152 74 74 1 0 0 199 ,1,0,0,18.75,15/02/2020 08:40:05,15/02/2020 08:40:09,18.40625,7.7199998,-0.0927734,0,67751,NONAME,52.1338501,-106.6316528,0.07,482.1000061,-22.6000004,0,0,0,14,40,59,0,15,2,20,1,5,10,1
1.4,2999.98999,25,0,0.6503125,243.0299683,112 152 74 74 1 0 0 199 ,1,0,0,18.75,15/02/2020 08:45:05,15/02/2020 08:45:08,18.4375,7.73,-0.0927734,0,68052,NONAME,52.1338921,-106.631691,0.64,505.5,-22.6000004,0,0,0,14,45,59,0,15,2,20,1,4,11,1
1.4,2999.98999,25,0,0.6599805,246.3844757,112 152 74 74 1 0 0 199 ,1,0,0,18.75,15/02/2020 08:50:03,15/02/2020 08:50:05,18.40625,7.7199998,-0.0927734,0,68351,NONAME,52.1339035,-106.6317749,0.587,506.1000061,-22.6000004,0,0,0,14,50,56,0,15,2,20,1,5,12,1
1.4,2999.98999,25,0,0.6535352,244.1480865,112 152 74 74 1 0 0 199 ,1,0,0,18.75,15/02/2020 08:55:06,15/02/2020 08:55:10,18.40625,7.7199998,-0.0927734,0,68656,NONAME,      nan,      nan,      nan,      nan,      nan,0,0,0,14,56,0,0,15,2,20,0,4,10,0
1.1,2999.98999,25,0,0.6277539,235.2038116,112 152 74 74 1 0 0 199 ,1,0,0,19,15/02/2020 09:00:05,15/02/2020 09:00:08,18.5625,7.71,-0.0927734,0,68957,NONAME,52.1338196,-106.6316605,0.763,451.6000061,-22.6000004,0,0,0,15,0,59,0,15,2,20,1,8,14,1
1.3,2999.98999,25,0,0.6438672,240.7938995,112 152 74 74 1 0 0 199 ,1,0,0,19,15/02/2020 09:05:03,15/02/2020 09:05:06,18.5,7.71,-0.0927734,0,69255,NONAME,52.1340485,-106.631691,1.14,541,-22.6000004,0,0,0,15,5,56,0,15,2,20,1,7,9,1
1.3,2999.98999,25,0,0.6309766,236.3218689,112 152 74 74 1 0 0 199 ,1,0,0,18.75,15/02/2020 09:10:05,15/02/2020 09:10:08,18.53125,7.71,-0.0927734,0,69560,NONAME,52.1340485,-106.6317215,0.5,520.2000122,-22.6000004,0,0,0,15,10,59,0,15,2,20,1,6,14,1
1.3,2999.98999,25,0,0.6277539,235.2038116,112 152 74 74 1 0 0 199 ,1,0,0,18.75,15/02/2020 09:15:06,15/02/2020 09:15:09,18.46875,7.71,-0.0927734,0,69861,NONAME,      nan,      nan,      nan,      nan,      nan,0,0,0,15,16,0,0,15,2,20,0,6,9,0
1.2,2999.98999,25,0,0.608418,228.493988,112 152 74 74 1 0 0 199 ,1,0,0,19,15/02/2020 09:20:06,15/02/2020 09:20:09,18.5625,7.71,-0.0927734,0,70163,NONAME,52.1337662,-106.6315765,0.168,463.7999878,-22.6000004,0,0,0,15,21,0,0,15,2,20,1,9,9,1
1.2,2999.98999,25,0,0.6180859,231.8492889,112 152 74 74 1 0 0 199 ,1,0,0,19,15/02/2020 09:25:06,15/02/2020 09:25:09,18.40625,7.6999998,-0.0927734,0,70464,NONAME,      nan,      nan,      nan,      nan,      nan,0,0,0,15,26,0,0,15,2,20,0,6,10,0
1.2,2999.98999,25,0,0.6148633,230.730957,112 152 74 74 1 0 0 199 ,1,0,0,19,15/02/2020 09:30:03,15/02/2020 09:30:06,18.53125,7.6999998,-0.0927734,0,70763,NONAME,52.133934,-106.6309738,0.358,466.8999939,-22.6000004,0,0,0,15,30,56,0,15,2,20,1,7,10,1
1.2,2999.98999,25,0,0.608418,228.493988,112 152 74 74 1 0 0 199 ,1,0,0,19,15/02/2020 09:35:05,15/02/2020 09:35:08,18.46875,7.6999998,-0.0927734,0,71067,NONAME,52.1339149,-106.6316071,1.173,472.1000061,-22.6000004,0,0,0,15,35,59,0,15,2,20,1,6,12,1
1.3,2999.98999,25,0,0.6213086,232.9675446,112 152 74 74 1 0 0 199 ,1,0,0,19,15/02/2020 09:40:03,15/02/2020 09:40:06,18.5,7.6999998,-0.0927734,0,71365,NONAME,52.1339035,-106.6317444,0.856,      nan,      nan,0,0,0,15,40,57,0,15,2,20,0,6,10,1
1.3,2999.98999,25,0,0.6019726,226.256485,112 152 74 74 1 0 0 199 ,1,0,0,19,15/02/2020 09:45:06,15/02/2020 09:45:10,18.46875,7.6900001,-0.0927734,0,71670,NONAME,      nan,      nan,      nan,      nan,      nan,0,0,0,15,46,0,0,15,2,20,0,0,9,0
1.1,2999.98999,25,0,0.5890821,221.779541,112 152 74 74 1 0 0 199 ,1,0,0,19,15/02/2020 09:50:06,15/02/2020 09:50:10,18.4375,7.6900001,-0.0878906,0,71972,NONAME,      nan,      nan,      nan,      nan,      nan,0,0,0,15,51,0,0,15,2,20,0,0,9,0
1.2,2999.98999,25,0,0.59875,225.1375122,112 152 74 74 1 0 0 199 ,1,0,0,19.25,15/02/2020 09:55:03,15/02/2020 09:55:06,18.53125,7.6900001,-0.0927734,0,72270,NONAME,52.1340065,-106.6313477,3.3759999,500.8999939,-22.6000004,0,0,0,15,55,56,0,15,2,20,1,5,9,1
1.3,2999.98999,25,0,0.608418,228.493988,112 152 74 74 1 0 0 199 ,1,0,0,19,15/02/2020 10:00:03,15/02/2020 10:00:06,18.5,7.6900001,-0.0927734,0,72571,NONAME,52.1340446,-106.6315918,1.575,470.2000122,-22.6000004,0,0,0,16,0,56,0,15,2,20,1,7,9,1
1.3,2999.98999,25,0,0.608418,228.493988,112 152 74 74 1 0 0 199 ,1,0,0,19,15/02/2020 10:05:03,15/02/2020 10:05:05,18.46875,7.6900001,-0.0927734,0,72873,NONAME,52.1338959,-106.6316681,1.339,483.8999939,-22.6000004,0,0,0,16,5,56,0,15,2,20,1,8,12,1
1.4,2999.98999,25,0,0.6148633,230.730957,112 152 74 74 1 0 0 199 ,1,0,0,19,15/02/2020 10:10:03,15/02/2020 10:10:06,18.40625,7.6799998,-0.0927734,0,73174,NONAME,52.1339149,-106.6317673,0.156,505.8999939,-22.6000004,0,0,0,16,10,56,0,15,2,20,1,7,9,1
1.4,2999.98999,25,0,0.6180859,231.8492889,112 152 74 74 1 0 0 199 ,1,0,0,19,15/02/2020 10:15:03,15/02/2020 10:15:06,18.5,7.6799998,-0.0927734,0,73476,NONAME,52.1337929,-106.6316833,1.692,488.3999939,-22.6000004,0,0,0,16,15,56,0,15,2,20,1,7,9,1
1.5,2999.98999,25,0,0.6116406,229.6125336,112 152 74 74 1 0 0 199 ,1,0,0,19,15/02/2020 10:20:03,15/02/2020 10:20:06,18.53125,7.6699996,-0.0927734,0,73777,NONAME,52.1338425,-106.6317596,0.497,523.4000244,-22.6000004,0,0,0,16,20,56,0,15,2,20,1,7,9,1
1.4,2999.98999,25,0,0.5923047,222.8990631,112 152 74 74 1 0 0 199 ,1,0,0,19,15/02/2020 10:25:06,15/02/2020 10:25:09,18.53125,7.6699996,-0.0927734,0,74082,NONAME,      nan,      nan,      nan,      nan,      nan,0,0,0,16,26,0,0,15,2,20,0,5,9,0
1.3,2999.98999,25,0,0.5858594,220.6598053,112 152 74 74 1 0 0 199 ,1,0,0,19,15/02/2020 10:30:03,15/02/2020 10:30:05,18.4375,7.6699996,-0.0927734,0,74380,NONAME,52.1339226,-106.6314774,0.308,501.7000122,-22.6000004,0,0,0,16,30,56,0,15,2,20,1,9,12,1
1.3,2999.98999,25,0,0.5858594,220.6598053,112 152 74 74 1 0 0 199 ,1,0,0,19,15/02/2020 10:35:03,15/02/2020 10:35:06,18.5625,7.6699996,-0.0927734,0,74682,NONAME,52.1337318,-106.6319962,0.074,511.7999878,-22.6000004,0,0,0,16,35,56,0,15,2,20,1,8,10,1
1.4,2999.98999,25,0,0.5826367,219.539856,112 152 74 74 1 0 0 199 ,1,0,0,19,15/02/2020 10:40:03,15/02/2020 10:40:06,18.4375,7.6699996,-0.0927734,0,74983,NONAME,52.1338196,-106.6316223,2.4890001,      nan,      nan,0,0,0,16,40,57,0,15,2,20,0,6,9,1
1.4,2999.98999,25,0,0.5858594,220.6598053,112 152 74 74 1 0 0 199 ,1,0,0,19,15/02/2020 10:45:03,15/02/2020 10:45:06,18.5,7.6699996,-0.0927734,0,75285,NONAME,52.1340942,-106.6312943,3.5699999,511.5,-22.6000004,0,0,0,16,45,56,0,15,2,20,1,6,9,1
1.3,2999.98999,25,0,0.5471875,207.2019653,112 152 74 74 1 0 0 199 ,1,0,0,19,15/02/2020 10:50:06,15/02/2020 10:50:10,18.4375,7.6699996,-0.0927734,0,75590,NONAME,52.1341934,-106.6316147,2.5669999,609.5999756,-22.6000004,0,0,0,16,51,0,0,15,2,20,1,6,9,1
1.3,2999.98999,25,0,0.5471875,207.2019653,112 152 74 74 1 0 0 199 ,1,0,0,19,15/02/2020 10:55:06,15/02/2020 10:55:10,18.53125,7.6599998,-0.0927734,0,75891,NONAME,52.1339455,-106.6316376,1.288,544.0999756,-22.6000004,0,0,0,16,56,0,0,15,2,20,1,6,9,1
1.3,2999.98999,25,0,0.5375195,203.8298035,112 152 74 74 1 0 0 199 ,1,0,0,19,15/02/2020 11:00:06,15/02/2020 11:00:10,18.46875,7.6599998,-0.0927734,0,76193,NONAME,      nan,      nan,      nan,      nan,      nan,0,0,0,17,1,1,0,15,2,20,0,5,10,0
1.1,2999.98999,25,0,0.5278516,200.4538422,112 152 74 74 1 0 0 199 ,1,0,0,19,15/02/2020 11:05:06,15/02/2020 11:05:09,18.59375,7.6599998,-0.0927734,0,76494,NONAME,52.1335945,-106.6315918,0.794,368.8999939,-22.6000004,0,0,0,17,6,0,0,15,2,20,1,7,10,1
1.3,2999.98999,25,0,0.5504102,208.3252411,112 152 74 74 1 0 0 199 ,1,0,0,19,15/02/2020 11:10:03,15/02/2020 11:10:05,18.625,7.6599998,-0.0927734,0,76792,NONAME,52.1340981,-106.6315384,1.975,555.2999878,-22.6000004,0,0,0,17,10,56,0,15,2,20,1,7,10,1
1.2,2999.98999,25,0,0.5246289,199.3276062,112 152 74 74 1 0 0 199 ,1,0,0,19,15/02/2020 11:15:06,15/02/2020 11:15:09,18.53125,7.6499996,-0.0927734,0,77097,NONAME,52.1337433,-106.6312408,1.193,440.2999878,-22.6000004,0,0,0,17,16,0,0,15,2,20,1,7,10,1
1.3,2999.98999,25,0,0.5214062,198.200882,112 152 74 74 1 0 0 199 ,1,0,0,19,15/02/2020 11:20:06,15/02/2020 11:20:10,18.4375,7.6499996,-0.0927734,0,77398,NONAME,52.1343346,-106.6316833,0.318,      nan,      nan,0,0,0,17,21,1,0,15,2,20,0,6,10,1
1.3,2999.98999,25,0,0.5181836,197.0737,112 152 74 74 1 0 0 199 ,1,0,0,19,15/02/2020 11:25:06,15/02/2020 11:25:10,18.4375,7.6499996,-0.0927734,0,77700,NONAME,      nan,      nan,      nan,      nan,      nan,0,0,0,17,26,1,0,15,2,20,0,0,10,0
1,2999.98999,25,0,0.4988476,190.299469,112 152 74 74 1 0 0 199 ,1,0,0,19,15/02/2020 11:30:06,15/02/2020 11:30:09,18.5,7.6499996,-0.0927734,0,78001,NONAME,52.1338272,-106.6316605,0.69,460.1000061,-22.6000004,0,0,0,17,31,0,0,15,2,20,1,6,11,1
1.2,2999.98999,25,0,0.5342969,202.7049255,112 152 74 74 1 0 0 199 ,1,0,0,19,15/02/2020 11:35:03,15/02/2020 11:35:06,18.4375,7.6399999,-0.0927734,0,78299,NONAME,52.1337471,-106.6316605,0.341,468.5,-22.6000004,0,0,0,17,35,57,0,15,2,20,1,5,8,1
1.2,2999.98999,25,0,0.5117383,194.8177795,112 152 74 74 1 0 0 199 ,1,0,0,19,15/02/2020 11:40:06,15/02/2020 11:40:10,18.5,7.6399999,-0.0927734,0,78604,NONAME,      nan,      nan,      nan,      nan,      nan,0,0,0,17,41,1,0,15,2,20,0,6,8,0
1.2,2999.98999,25,0,0.5278516,200.4538422,112 152 74 74 1 0 0 199 ,1,0,0,19,15/02/2020 11:45:03,15/02/2020 11:45:06,18.5,7.6499996,-0.0927734,0,78902,NONAME,52.1341896,-106.6317596,0.753,548.5,-22.6000004,0,0,0,17,45,57,0,15,2,20,1,9,8,1
1.2,2999.98999,25,0,0.505293,192.5597382,112 152 74 74 1 0 0 199 ,1,0,0,19,15/02/2020 11:50:06,15/02/2020 11:50:09,18.53125,7.6299996,-0.0927734,0,79207,NONAME,52.1336555,-106.6316452,0.981,451.2999878,-22.6000004,0,0,0,17,51,0,0,15,2,20,1,8,11,1
1.3,2999.98999,25,0,0.5278516,200.4538422,112 152 74 74 1 0 0 199 ,1,0,0,19,15/02/2020 11:55:03,15/02/2020 11:55:06,18.65625,7.6299996,-0.0927734,0,79505,NONAME,52.1336174,-106.6316605,0.073,440.7999878,-22.6000004,0,0,0,17,55,57,0,15,2,20,1,8,8,1
1.3,2999.98999,25,0,0.5246289,199.3276062,112 152 74 74 1 0 0 199 ,1,0,0,19,15/02/2020 12:00:03,15/02/2020 12:00:06,18.53125,7.6299996,-0.0927734,0,79807,NONAME,52.133812,-106.6317062,0.977,498.8999939,-22.6000004,0,0,0,18,0,56,0,15,2,20,1,6,8,1
1.3,2999.98999,25,0,0.5278516,200.4538422,112 152 74 74 1 0 0 199 ,1,0,0,19,15/02/2020 12:05:03,15/02/2020 12:05:06,18.59375,7.6299996,-0.0927734,0,80108,NONAME,52.1338005,-106.6317902,0.828,547.9000244,-22.6000004,0,0,0,18,5,56,0,15,2,20,1,7,9,1
1.3,2999.98999,25,0,0.5246289,199.3276062,112 152 74 74 1 0 0 199 ,1,0,0,19,15/02/2020 12:10:03,15/02/2020 12:10:06,18.53125,7.6299996,-0.0927734,0,80410,NONAME,52.1339226,-106.631691,1.403,517.0999756,-22.6000004,0,0,0,18,10,56,0,15,2,20,1,5,9,1
1.2,2999.98999,25,0,0.485957,185.7718201,112 152 74 74 1 0 0 199 ,1,0,0,19,15/02/2020 12:15:06,15/02/2020 12:15:09,18.65625,7.6299996,-0.0927734,0,80715,NONAME,52.1338959,-106.6316757,0.319,483.2999878,-22.6000004,0,0,0,18,16,0,0,15,2,20,1,6,11,1
1.3,2999.98999,25,0,0.5085157,193.6890411,112 152 74 74 1 0 0 199 ,1,0,0,19,15/02/2020 12:20:03,15/02/2020 12:20:06,18.53125,7.6299996,-0.0976562,0,81013,NONAME,52.1338234,-106.6315842,0.697,480.2000122,-22.6000004,0,0,0,18,20,56,0,15,2,20,1,5,9,1
1.3,2999.98999,25,0,0.476289,182.3694458,112 152 74 74 1 0 0 199 ,1,0,0,19,15/02/2020 12:25:06,15/02/2020 12:25:09,18.5,7.6299996,-0.0927734,0,81318,NONAME,52.1334457,-106.631691,0.988,434.7999878,-22.6000004,0,0,0,18,26,0,0,15,2,20,1,6,11,1
1.3,2999.98999,25,0,0.4698437,180.0978394,112 152 74 74 1 0 0 199 ,1,0,0,19,15/02/2020 12:30:06,15/02/2020 12:30:10,18.40625,7.6299996,-0.0927734,0,81619,NONAME,      nan,      nan,      nan,      nan,      nan,0,0,0,18,31,1,0,15,2,20,0,3,9,0
1.2,2999.98999,25,0,0.4827344,184.6383514,112 152 74 74 1 0 0 199 ,1,0,0,19,15/02/2020 12:35:03,15/02/2020 12:35:06,18.53125,7.6199999,-0.0927734,0,81917,NONAME,52.133297,-106.6327591,0.204,558.9000244,-22.6000004,0,0,0,18,35,56,0,15,2,20,1,5,9,1
1.2,2999.98999,25,0,0.4698437,180.0978394,112 152 74 74 1 0 0 199 ,1,0,0,19,15/02/2020 12:40:06,15/02/2020 12:40:10,18.5,7.6199999,-0.0927734,0,82222,NONAME,      nan,      nan,      nan,      nan,      nan,0,0,0,18,41,0,0,15,2,20,0,4,9,0
1.1,2999.98999,25,0,0.476289,182.3694458,112 152 74 74 1 0 0 199 ,1,0,0,19,15/02/2020 12:45:03,15/02/2020 12:45:06,18.5625,7.6199999,-0.0927734,0,82520,NONAME,52.1338539,-106.6314926,0.564,403,-22.6000004,0,0,0,18,45,56,0,15,2,20,1,6,9,1
1.1,2999.98999,25,0,0.4505078,173.2656708,112 152 74 74 1 0 0 199 ,1,0,0,19,15/02/2020 12:50:06,15/02/2020 12:50:09,18.5,7.6099997,-0.0927734,0,82825,NONAME,52.1339874,-106.6307526,0.083,460.6000061,-22.6000004,0,0,0,18,51,0,0,15,2,20,1,6,12,1
1.1,2999.98999,25,0,0.4537305,174.40625,112 152 74 74 1 0 0 199 ,1,0,0,19,15/02/2020 12:55:06,15/02/2020 12:55:09,18.53125,7.6099997,-0.0927734,0,83127,NONAME,52.1338234,-106.6315918,0.598,469.1000061,-22.6000004,0,0,0,18,56,0,0,15,2,20,1,7,10,1
1.3,2999.98999,25,0,0.4924023,188.0368805,112 152 74 74 1 0 0 199 ,1,0,0,19,15/02/2020 13:00:03,15/02/2020 13:00:06,18.53125,7.6099997,-0.0927734,0,83425,NONAME,52.1338539,-106.6317825,0.299,508.2999878,-22.6000004,0,0,0,19,0,56,0,15,2,20,1,6,10,1
1.3,2999.98999,25,0,0.4988476,190.299469,112 152 74 74 1 0 0 199 ,1,0,0,19,15/02/2020 13:05:03,15/02/2020 13:05:06,18.5,7.6099997,-0.0927734,0,83726,NONAME,52.1336174,-106.6317139,0.203,454.7999878,-22.6000004,0,0,0,19,5,56,0,15,2,20,1,6,10,1
1.3,2999.98999,25,0,0.4601758,176.6851044,112 152 74 74 1 0 0 199 ,1,0,0,19,15/02/2020 13:10:06,15/02/2020 13:10:10,18.59375,7.6099997,-0.0927734,0,84031,NONAME,52.1339226,-106.63134,1.136,475.3999939,-22.6000004,0,0,0,19,11,0,0,15,2,20,1,5,10,1
1.4,2999.98999,25,0,0.4988476,190.299469,112 152 74 74 1 0 0 199 ,1,0,0,19,15/02/2020 13:15:03,15/02/2020 13:15:06,18.40625,7.6099997,-0.0927734,0,84329,NONAME,52.1338615,-106.6317368,0.828,514.2999878,-22.6000004,0,0,0,19,15,56,0,15,2,20,1,5,10,1
1.3,2999.98999,25,0,0.4569531,175.546051,112 152 74 74 1 0 0 199 ,1,0,0,19,15/02/2020 13:20:06,15/02/2020 13:20:10,18.5,7.6099997,-0.0927734,0,84634,NONAME,      nan,      nan,      nan,      nan,      nan,0,0,0,19,21,0,0,15,2,20,0,6,10,0
1.2,2999.98999,25,0,0.4698437,180.0978394,112 152 74 74 1 0 0 199 ,1,0,0,19,15/02/2020 13:25:03,15/02/2020 13:25:06,18.46875,7.6099997,-0.0927734,0,84932,NONAME,52.1340485,-106.6315842,3.816,      nan,      nan,0,0,0,19,25,57,0,15,2,20,0,5,10,1
1.4,2999.98999,25,0,0.4891796,186.9046478,112 152 74 74 1 0 0 199 ,1,0,0,19,15/02/2020 13:30:03,15/02/2020 13:30:06,18.53125,7.6099997,-0.0927734,0,85234,NONAME,52.1341019,-106.6315231,1.077,564.0999756,-22.6000004,0,0,0,19,30,57,0,15,2,20,1,7,9,1
1.4,2999.98999,25,0,0.4924023,188.0368805,112 152 74 74 1 0 0 199 ,1,0,0,19,15/02/2020 13:35:03,15/02/2020 13:35:06,18.40625,7.6099997,-0.0927734,0,85535,NONAME,52.134243,-106.6315231,1.327,491,-22.6000004,0,0,0,19,35,57,0,15,2,20,1,5,9,1
1.4,2999.98999,25,0,0.485957,185.7718201,112 152 74 74 1 0 0 199 ,1,0,0,19,15/02/2020 13:40:03,15/02/2020 13:40:06,18.53125,7.6099997,-0.0927734,0,85837,NONAME,52.133419,-106.6316605,0.407,      nan,      nan,0,0,0,19,40,57,0,15,2,20,0,5,10,1
1.3,2999.98999,25,0,0.4505078,173.2656708,112 152 74 74 1 0 0 199 ,1,0,0,19,15/02/2020 13:45:06,15/02/2020 13:45:10,18.40625,7.5999999,-0.0927734,0,86142,NONAME,      nan,      nan,      nan,      nan,      nan,0,0,0,19,46,1,0,15,2,20,0,3,9,0
1.2,2999.98999,25,0,0.4633984,177.82341,112 152 74 74 1 0 0 199 ,1,0,0,19,15/02/2020 13:50:03,15/02/2020 13:50:06,18.53125,7.5999999,-0.0927734,0,86440,NONAME,52.1337318,-106.6317749,0.322,513.0999756,-22.6000004,0,0,0,19,50,56,0,15,2,20,1,6,9,1
1.4,2999.98999,25,0,0.5020703,191.4298859,112 152 74 74 1 0 0 199 ,1,0,0,19,15/02/2020 13:55:03,15/02/2020 13:55:05,18.4375,7.5999999,-0.0292969,0,86741,NONAME,52.1339073,-106.6316681,0.792,457.6000061,-22.6000004,0,0,0,19,55,56,0,15,2,20,1,6,10,1
1.3,2999.98999,25,0,0.4569531,175.546051,112 152 74 74 1 0 0 199 ,1,0,0,19,15/02/2020 14:00:06,15/02/2020 14:00:09,18.46875,7.5899997,-0.0927734,0,87047,NONAME,52.1337776,-106.6315384,0.305,430.2999878,-22.6000004,0,0,0,20,1,0,0,15,2,20,1,6,10,1
1.4,2999.98999,25,0,0.4698437,180.0978394,112 152 74 74 1 0 0 199 ,1,0,0,19,15/02/2020 14:05:05,15/02/2020 14:05:09,18.375,7.5999999,-0.0927734,0,87347,NONAME,      nan,      nan,      nan,      nan,      nan,0,0,0,20,6,0,0,15,2,20,0,6,10,0
1.3,2999.98999,25,0,0.4795117,183.5042419,112 152 74 74 1 0 0 199 ,1,0,0,19,15/02/2020 14:10:03,15/02/2020 14:10:06,18.5,7.5899997,-0.0927734,0,87646,NONAME,52.1338692,-106.6315613,0.099,      nan,      nan,0,0,0,20,10,57,0,15,2,20,0,7,10,1
1.3,2999.98999,25,0,0.4472851,172.1243134,112 152 74 74 1 0 0 199 ,1,0,0,19,15/02/2020 14:15:06,15/02/2020 14:15:09,18.5,7.5899997,-0.0927734,0,87951,NONAME,52.1339035,-106.6315155,0.26,495,-22.6000004,0,0,0,20,16,0,0,15,2,20,1,8,12,1
1.4,2999.98999,25,0,0.476289,182.3694458,112 152 74 74 1 0 0 199 ,1,0,0,19,15/02/2020 14:20:06,15/02/2020 14:20:10,18.59375,7.5899997,-0.0927734,0,88253,NONAME,52.1338768,-106.631424,0.354,502.6000061,-22.6000004,0,0,0,20,21,0,0,15,2,20,1,8,9,1
1.4,2999.98999,25,0,0.4666211,178.9609833,112 152 74 74 1 0 0 199 ,1,0,0,19,15/02/2020 14:25:06,15/02/2020 14:25:09,18.53125,7.5899997,-0.0927734,0,88554,NONAME,      nan,      nan,      nan,      nan,      nan,0,0,0,20,26,0,0,15,2,20,0,3,9,0
1.4,2999.98999,25,0,0.5085157,193.6890411,112 152 74 74 1 0 0 199 ,1,0,0,19,15/02/2020 14:30:03,15/02/2020 14:30:05,18.53125,7.5899997,-0.0927734,0,88852,NONAME,52.1341057,-106.6312485,6.2729998,      nan,      nan,0,0,0,20,30,56,0,15,2,20,0,6,9,1
1.4,2999.98999,25,0,0.4730664,181.2339935,112 152 74 74 1 0 0 199 ,1,0,0,19,15/02/2020 14:35:06,15/02/2020 14:35:09,18.5,7.5899997,-0.0927734,0,89157,NONAME,52.1342392,-106.6314316,3.062,558.7999878,-22.6000004,0,0,0,20,36,0,0,15,2,20,1,8,11,1
1.5,2999.98999,25,0,0.495625,189.1684723,112 152 74 74 1 0 0 199 ,1,0,0,19,15/02/2020 14:40:06,15/02/2020 14:40:09,18.46875,7.5899997,-0.0927734,0,89459,NONAME,52.1340179,-106.6316986,0.422,584.9000244,-22.6000004,0,0,0,20,41,0,0,15,2,20,1,7,10,1
1.5,2999.98999,25,0,0.4827344,184.6383514,112 152 74 74 1 0 0 199 ,1,0,0,19,15/02/2020 14:45:06,15/02/2020 14:45:09,18.53125,7.5899997,-0.0927734,0,89760,NONAME,52.1339188,-106.6314697,0.133,480.1000061,-22.6000004,0,0,0,20,46,0,0,15,2,20,1,8,12,1
1.5,2999.98999,25,0,0.4924023,188.0368805,112 152 74 74 1 0 0 199 ,1,0,0,19,15/02/2020 14:50:06,15/02/2020 14:50:10,18.5,7.5899997,-0.0927734,0,90062,NONAME,      nan,      nan,      nan,      nan,      nan,0,0,0,20,51,1,0,15,2,20,0,0,10,0
1.3,2999.98999,25,0,0.4569531,175.546051,112 152 74 74 1 0 0 199 ,1,0,0,19,15/02/2020 14:55:03,15/02/2020 14:55:05,18.5625,7.5899997,-0.0927734,0,90359,NONAME,52.1338196,-106.6317215,0.088,512.2999878,-22.6000004,0,0,0,20,55,56,0,15,2,20,1,7,12,1
1.4,2999.98999,25,0,0.4601758,176.6851044,112 152 74 74 1 0 0 199 ,1,0,0,19,15/02/2020 15:00:03,15/02/2020 15:00:05,18.5,7.5899997,-0.0927734,0,90661,NONAME,52.1338196,-106.6316223,0.451,503.8999939,-22.6000004,0,0,0,21,0,56,0,15,2,20,1,8,12,1
1.4,2999.98999,25,0,0.4633984,177.82341,112 152 74 74 1 0 0 199 ,1,0,0,19,15/02/2020 15:05:03,15/02/2020 15:05:05,18.5625,7.5799999,-0.0927734,0,90962,NONAME,52.1339188,-106.6315384,0.209,485.7000122,-22.6000004,0,0,0,21,5,56,0,15,2,20,1,7,11,1
1.3,2999.98999,25,0,0.4053906,157.2091064,112 152 74 74 1 0 0 199 ,1,0,0,19,15/02/2020 15:10:06,15/02/2020 15:10:10,18.53125,7.5799999,-0.0927734,0,91267,NONAME,      nan,      nan,      nan,      nan,      nan,0,0,0,21,11,0,0,15,2,20,0,4,11,0
1.1,2999.98999,25,0,0.4021679,156.0553436,112 152 74 74 1 0 0 199 ,1,0,0,19,15/02/2020 15:15:05,15/02/2020 15:15:08,18.5,7.5799999,-0.0927734,0,91568,NONAME,52.133831,-106.6317444,0.464,475.7000122,-22.6000004,0,0,0,21,15,59,0,15,2,20,1,6,10,1
1.1,2999.98999,25,0,0.3989453,154.9006195,112 152 74 74 1 0 0 199 ,1,0,0,19,15/02/2020 15:20:06,15/02/2020 15:20:10,18.46875,7.5699997,-0.0927734,0,91871,NONAME,      nan,      nan,      nan,      nan,      nan,0,0,0,21,21,0,0,15,2,20,0,5,10,0
1.3,2999.98999,25,0,0.4247265,164.1116791,112 152 74 74 1 0 0 199 ,1,0,0,19,15/02/2020 15:25:03,15/02/2020 15:25:06,18.53125,7.5799999,-0.0927734,0,92168,NONAME,52.1338577,-106.6315384,0.305,442.8999939,-22.6000004,0,0,0,21,25,56,0,15,2,20,1,8,10,1
1.4,2999.98999,25,0,0.4440625,170.982132,112 152 74 74 1 0 0 199 ,1,0,0,19,15/02/2020 15:30:03,15/02/2020 15:30:06,18.5,7.5699997,-0.0927734,0,92470,NONAME,52.1338577,-106.631752,0.582,444.7999878,-22.6000004,0,0,0,21,30,57,0,15,2,20,1,7,10,1
1.3,2999.98999,25,0,0.3957226,153.744873,112 152 74 74 1 0 0 199 ,1,0,0,19,15/02/2020 15:35:06,15/02/2020 15:35:10,18.5625,7.5699997,-0.0927734,0,92775,NONAME,      nan,      nan,      nan,      nan,      nan,0,0,0,21,36,1,0,15,2,20,0,0,8,0
1.1,2999.98999,25,0,0.3731641,145.6256256,112 152 74 74 1 0 0 199 ,1,0,0,19,15/02/2020 15:40:05,15/02/2020 15:40:08,18.53125,7.5699997,-0.0927734,0,93076,NONAME,52.1338921,-106.6316833,0.466,550.4000244,-22.6000004,0,0,0,21,40,59,0,15,2,20,1,9,9,1
1.4,2999.98999,25,0,0.4537305,174.40625,112 152 74 74 1 0 0 199 ,1,0,0,19,15/02/2020 15:45:03,15/02/2020 15:45:06,18.46875,7.5699997,-0.0927734,0,93374,NONAME,52.1336975,-106.631958,2.4389999,520.2000122,-22.6000004,0,0,0,21,45,56,0,15,2,20,1,6,9,1
1.4,2999.98999,25,0,0.4633984,177.82341,112 152 74 74 1 0 0 199 ,1,0,0,19,15/02/2020 15:50:03,15/02/2020 15:50:06,18.46875,7.5699997,-0.0976562,0,93676,NONAME,52.1338654,-106.6315994,1.38,512.7000122,-22.6000004,0,0,0,21,50,56,0,15,2,20,1,8,10,1
1.5,2999.98999,25,0,0.4666211,178.9609833,112 152 74 74 1 0 0 199 ,1,0,0,19,15/02/2020 15:55:03,15/02/2020 15:55:06,18.5,7.5699997,-0.0927734,0,93977,NONAME,52.1337318,-106.6318512,1.587,477,-22.6000004,0,0,0,21,55,56,0,15,2,20,1,8,10,1
1.5,2999.98999,25,0,0.4569531,175.546051,112 152 74 74 1 0 0 199 ,1,0,0,19,15/02/2020 16:00:03,15/02/2020 16:00:06,18.5,7.5699997,-0.0927734,0,94279,NONAME,52.1341095,-106.6314316,3.9979999,492.2999878,-22.6000004,0,0,0,22,0,56,0,15,2,20,1,6,10,1
1.5,2999.98999,25,0,0.4633984,177.82341,112 152 74 74 1 0 0 199 ,1,0,0,19,15/02/2020 16:05:03,15/02/2020 16:05:06,18.53125,7.5699997,-0.0927734,0,94580,NONAME,52.1341095,-106.6315079,1.622,519,-22.6000004,0,0,0,22,5,56,0,15,2,20,1,6,10,1
1.6,2999.98999,25,0,0.4666211,178.9609833,112 152 74 74 1 0 0 199 ,1,0,0,18.75,15/02/2020 16:10:03,15/02/2020 16:10:06,18.5,7.5699997,-0.1513672,0,94882,NONAME,52.1336937,-106.6315155,4.434,481.7999878,-22.6000004,0,0,0,22,10,57,0,15,2,20,1,6,10,1
1.6,2999.98999,25,0,0.4795117,183.5042419,112 152 74 74 1 0 0 199 ,1,0,0,18.75,15/02/2020 16:15:03,15/02/2020 16:15:06,18.625,7.5699997,-0.0927734,0,95183,NONAME,52.1342049,-106.6310043,1.715,522.4000244,-22.6000004,0,0,0,22,15,56,0,15,2,20,1,5,10,1
1.6,2999.98999,25,0,0.4698437,180.0978394,112 152 74 74 1 0 0 199 ,1,0,0,18.75,15/02/2020 16:20:03,15/02/2020 16:20:05,18.46875,7.5699997,-0.0927734,0,95485,NONAME,52.134346,-106.6314163,0.145,551,-22.6000004,0,0,0,22,20,56,0,15,2,20,1,6,10,1
1.5,2999.98999,25,0,0.4150586,160.6645813,112 152 74 74 1 0 0 199 ,1,0,0,18.75,15/02/2020 16:25:06,15/02/2020 16:25:09,18.5,7.5699997,-0.0927734,0,95790,NONAME,52.1340714,-106.6310425,0.89,574.4000244,-22.6000004,0,0,0,22,26,0,0,15,2,20,1,7,10,1
1.5,2999.98999,25,0,0.4505078,173.2656708,112 152 74 74 1 0 0 199 ,1,0,0,18.75,15/02/2020 16:30:05,15/02/2020 16:30:09,18.375,7.5699997,-0.0927734,0,96091,NONAME,52.1336823,-106.6318207,1.08,517.2999878,-22.6000004,0,0,0,22,30,59,0,15,2,20,1,6,9,1
1.5,2999.98999,25,0,0.4408398,169.8391724,112 152 74 74 1 0 0 199 ,1,0,0,18.75,15/02/2020 16:35:05,15/02/2020 16:35:09,18.46875,7.5599999,-0.0927734,0,96392,NONAME,      nan,      nan,      nan,      nan,      nan,0,0,0,22,36,0,0,15,2,20,0,5,11,0
1.2,2999.98999,25,0,0.3957226,153.744873,112 152 74 74 1 0 0 199 ,1,0,0,19,15/02/2020 16:40:06,15/02/2020 16:40:10,18.53125,7.5599999,-0.0927734,0,96695,NONAME,      nan,      nan,      nan,      nan,      nan,0,0,0,22,41,1,0,15,2,20,0,4,11,0
1.1,2999.98999,25,0,0.3763867,146.7887268,112 152 74 74 1 0 0 199 ,1,0,0,19,15/02/2020 16:45:06,15/02/2020 16:45:09,18.5625,7.5599999,-0.0927734,0,96995,NONAME,52.1337929,-106.6316605,0.478,500.7000122,-22.6000004,0,0,0,22,45,59,0,15,2,20,1,6,11,1
1.2,2999.98999,25,0,0.3731641,145.6256256,112 152 74 74 1 0 0 199 ,1,0,0,19,15/02/2020 16:50:05,15/02/2020 16:50:09,18.46875,7.5599999,-0.0927734,0,97297,NONAME,      nan,      nan,      nan,      nan,      nan,0,0,0,22,51,0,0,15,2,20,0,4,11,0
1.2,2999.98999,25,0,0.4182812,161.8145294,112 152 74 74 1 0 0 199 ,1,0,0,19,15/02/2020 16:55:03,15/02/2020 16:55:06,18.5625,7.5599999,-0.0927734,0,97595,NONAME,52.1339684,-106.6306458,3.835,443.8999939,-22.6000004,0,0,0,22,55,56,0,15,2,20,1,7,10,1
1.2,2999.98999,25,0,0.3699414,144.4614105,112 152 74 74 1 0 0 199 ,1,0,0,19,15/02/2020 17:00:06,15/02/2020 17:00:09,18.46875,7.5599999,-0.0976562,0,97900,NONAME,52.1338272,-106.631546,0.77,477.3999939,-22.6000004,0,0,0,23,1,0,0,15,2,20,1,6,10,1
1.5,2999.98999,25,0,0.4472851,172.1243134,112 152 74 74 1 0 0 199 ,1,0,0,19,15/02/2020 17:05:03,15/02/2020 17:05:06,18.375,7.5599999,-0.0927734,0,98198,NONAME,52.1339111,-106.6315613,1.727,472.3999939,-22.6000004,0,0,0,23,5,56,0,15,2,20,1,7,10,1
1.4,2999.98999,25,0,0.3892773,151.4303589,112 152 74 74 1 0 0 199 ,1,0,0,19,15/02/2020 17:10:06,15/02/2020 17:10:10,18.46875,7.5499997,-0.0927734,0,98503,NONAME,52.1332817,-106.6318588,0.368,429.8999939,-22.6000004,0,0,0,23,11,0,0,15,2,20,1,7,10,1
1.6,2999.98999,25,0,0.4698437,180.0978394,112 152 74 74 1 0 0 199 ,1,0,0,19,15/02/2020 17:15:03,15/02/2020 17:15:06,18.5,7.5499997,-0.0927734,0,98801,NONAME,52.1337852,-106.6315384,0.317,453.8999939,-22.6000004,0,0,0,23,15,56,0,15,2,20,1,7,10,1
1.4,2999.98999,25,0,0.4053906,157.2091064,112 152 74 74 1 0 0 199 ,1,0,0,18.75,15/02/2020 17:20:05,15/02/2020 17:20:09,18.46875,7.5499997,-0.0927734,0,99106,NONAME,52.133667,-106.6315689,3.664,474.3999939,-22.6000004,0,0,0,23,21,0,0,15,2,20,1,6,10,1
1.4,2999.98999,25,0,0.4086133,158.3618774,112 152 74 74 1 0 0 199 ,1,0,0,18.75,15/02/2020 17:25:06,15/02/2020 17:25:09,18.5625,7.5499997,-0.0927734,0,99408,NONAME,52.1336517,-106.6317291,2.2550001,449,-22.6000004,0,0,0,23,26,0,0,15,2,20,1,7,9,1
1.4,2999.98999,25,0,0.3796093,147.9507294,112 152 74 74 1 0 0 199 ,1,0,0,18.75,15/02/2020 17:30:06,15/02/2020 17:30:10,18.46875,7.5499997,-0.0927734,0,99709,NONAME,52.1339645,-106.6316223,0.362,490.1000061,-22.6000004,0,0,0,23,31,0,0,15,2,20,1,7,10,1
1.4,2999.98999,25,0,0.4053906,157.2091064,112 152 74 74 1 0 0 199 ,1,0,0,18.75,15/02/2020 17:35:06,15/02/2020 17:35:10,18.40625,7.5499997,-0.0927734,0,100011,NONAME,52.1334763,-106.6314468,1.039,      nan,      nan,0,0,0,23,36,1,0,15,2,20,0,5,10,1
1.4,2999.98999,25,0,0.3860547,150.2715302,112 152 74 74 1 0 0 199 ,1,0,0,18.75,15/02/2020 17:40:06,15/02/2020 17:40:10,18.46875,7.5499997,-0.0927734,0,100312,NONAME,      nan,      nan,      nan,      nan,      nan,0,0,0,23,41,1,0,15,2,20,0,0,10,0
1.3,2999.98999,25,0,0.3602734,140.9620056,112 152 74 74 1 0 0 199 ,1,0,0,19,15/02/2020 17:45:06,15/02/2020 17:45:10,18.5,7.5499997,-0.0927734,0,100614,NONAME,      nan,      nan,      nan,      nan,      nan,0,0,0,23,46,1,0,15,2,20,0,5,10,0
1.2,2999.98999,25,0,0.3602734,140.9620056,112 152 74 74 1 0 0 199 ,1,0,0,19,15/02/2020 17:50:06,15/02/2020 17:50:10,18.5,7.5499997,-0.0927734,0,100915,NONAME,      nan,      nan,      nan,      nan,      nan,0,0,0,23,51,1,0,15,2,20,0,3,10,0
1.3,2999.98999,25,0,0.3957226,153.744873,112 152 74 74 1 0 0 199 ,1,0,0,19.25,15/02/2020 17:55:03,15/02/2020 17:55:06,18.625,7.5499997,-0.0927734,0,101213,NONAME,52.1338158,-106.6317062,1.352,517.9000244,-22.6000004,0,0,0,23,55,57,0,15,2,20,1,6,8,1
1.3,2999.98999,25,0,0.4021679,156.0553436,112 152 74 74 1 0 0 199 ,1,0,0,19,15/02/2020 18:00:03,15/02/2020 18:00:06,18.5625,7.5499997,-0.0927734,0,101515,NONAME,52.1338348,-106.6315842,3.1270001,390.3999939,-22.6000004,0,0,0,0,0,57,0,16,2,20,1,5,8,1
1.3,2999.98999,25,0,0.4086133,158.3618774,112 152 74 74 1 0 0 199 ,1,0,0,19,15/02/2020 18:05:03,15/02/2020 18:05:06,18.4375,7.5499997,-0.0976562,0,101816,NONAME,52.1337471,-106.6316528,0.992,446.7999878,-22.6000004,0,0,0,0,5,56,0,16,2,20,1,6,9,1
1.4,2999.98999,25,0,0.4150586,160.6645813,112 152 74 74 1 0 0 199 ,1,0,0,19,15/02/2020 18:10:03,15/02/2020 18:10:06,18.40625,7.5499997,-0.0927734,0,102118,NONAME,52.1338768,-106.6314926,1.4450001,461,-22.6000004,0,0,0,0,10,57,0,16,2,20,1,5,9,1
1.3,2999.98999,25,0,0.3699414,144.4614105,112 152 74 74 1 0 0 199 ,1,0,0,19,15/02/2020 18:15:06,15/02/2020 18:15:09,18.5,7.5499997,-0.0927734,0,102423,NONAME,52.1338158,-106.6317139,0.688,506.7000122,-22.6000004,0,0,0,0,16,0,0,16,2,20,1,7,10,1
1.4,2999.98999,25,0,0.3667187,143.2960815,112 152 74 74 1 0 0 199 ,1,0,0,18.75,15/02/2020 18:20:06,15/02/2020 18:20:10,18.40625,7.54,-0.0927734,0,102724,NONAME,52.1343727,-106.6315765,1.166,      nan,      nan,0,0,0,0,21,1,0,16,2,20,0,4,9,1
1.4,2999.98999,25,0,0.3860547,150.2715302,112 152 74 74 1 0 0 199 ,1,0,0,19,15/02/2020 18:25:05,15/02/2020 18:25:09,18.5,7.54,-0.0927734,0,103025,NONAME,      nan,      nan,      nan,      nan,      nan,0,0,0,0,26,0,0,16,2,20,0,5,9,0
1.3,2999.98999,25,0,0.3925,152.5881195,112 152 74 74 1 0 0 199 ,1,0,0,19,15/02/2020 18:30:03,15/02/2020 18:30:06,18.53125,7.54,-0.0927734,0,103323,NONAME,52.1338158,-106.6317749,0.118,542.9000244,-22.6000004,0,0,0,0,30,57,0,16,2,20,1,7,9,1
1.3,2999.98999,25,0,0.3602734,140.9620056,112 152 74 74 1 0 0 199 ,1,0,0,19,15/02/2020 18:35:06,15/02/2020 18:35:10,18.59375,7.54,-0.0927734,0,103629,NONAME,52.133873,-106.6315842,0.646,540.2000122,-22.6000004,0,0,0,0,36,0,0,16,2,20,1,5,10,1
1.3,2999.98999,25,0,0.3634961,142.1296082,112 152 74 74 1 0 0 199 ,1,0,0,19,15/02/2020 18:40:06,15/02/2020 18:40:10,18.53125,7.54,-0.0927734,0,103930,NONAME,      nan,      nan,      nan,      nan,      nan,0,0,0,0,41,1,0,16,2,20,0,5,9,0
1.3,2999.98999,25,0,0.3925,152.5881195,112 152 74 74 1 0 0 199 ,1,0,0,19,15/02/2020 18:45:03,15/02/2020 18:45:06,18.53125,7.54,-0.0927734,0,104228,NONAME,52.1339378,-106.6318512,0.341,523.5999756,-22.6000004,0,0,0,0,45,56,0,16,2,20,1,6,9,1
1.4,2999.98999,25,0,0.4118359,159.5137024,112 152 74 74 1 0 0 199 ,1,0,0,19,15/02/2020 18:50:03,15/02/2020 18:50:06,18.59375,7.54,-0.0927734,0,104529,NONAME,52.1338005,-106.632019,1.166,516.5,-22.6000004,0,0,0,0,50,57,0,16,2,20,1,5,9,1
1.3,2999.98999,25,0,0.3602734,140.9620056,112 152 74 74 1 0 0 199 ,1,0,0,19,15/02/2020 18:55:05,15/02/2020 18:55:09,18.40625,7.54,-0.0976562,0,104834,NONAME,52.1338425,-106.6317291,2.095,532.9000244,-22.6000004,0,0,0,0,55,59,0,16,2,20,1,6,9,1
1.4,2999.98999,25,0,0.3731641,145.6256256,112 152 74 74 1 0 0 199 ,1,0,0,18.75,15/02/2020 19:00:05,15/02/2020 19:00:08,18.40625,7.54,-0.0976562,0,105135,NONAME,52.1337318,-106.6319122,1.237,635.7000122,-22.6000004,0,0,0,1,0,59,0,16,2,20,1,5,10,1
1.4,2999.98999,25,0,0.3602734,140.9620056,112 152 74 74 1 0 0 199 ,1,0,0,18.75,15/02/2020 19:05:06,15/02/2020 19:05:10,18.34375,7.54,-0.0927734,0,105437,NONAME,      nan,      nan,      nan,      nan,      nan,0,0,0,1,6,0,0,16,2,20,0,5,11,0
1.2,2999.98999,25,0,0.3506055,137.452179,112 152 74 74 1 0 0 199 ,1,0,0,19,15/02/2020 19:10:05,15/02/2020 19:10:09,18.53125,7.5299997,-0.0976562,0,105738,NONAME,      nan,      nan,      nan,      nan,      nan,0,0,0,1,10,59,0,16,2,20,0,4,11,0
1.4,2999.98999,25,0,0.4053906,157.2091064,112 152 74 74 1 0 0 199 ,1,0,0,19.25,15/02/2020 19:15:03,15/02/2020 19:15:06,18.53125,7.5299997,-0.0927734,0,106037,NONAME,52.1340103,-106.6314697,1.327,458.7999878,-22.6000004,0,0,0,1,15,56,0,16,2,20,1,5,10,1
1.3,2999.98999,25,0,0.3860547,150.2715302,112 152 74 74 1 0 0 199 ,1,0,0,19,15/02/2020 19:20:06,15/02/2020 19:20:09,18.625,7.5299997,-0.0927734,0,106341,NONAME,52.1340714,-106.6316681,1.653,476.3999939,-22.6000004,0,0,0,1,20,59,0,16,2,20,1,7,9,1
1.2,2999.98999,25,0,0.382832,149.1116638,112 152 74 74 1 0 0 199 ,1,0,0,19,15/02/2020 19:25:06,15/02/2020 19:25:10,18.46875,7.5299997,-0.0927734,0,106644,NONAME,52.1338997,-106.6316757,0.74,496.6000061,-22.6000004,0,0,0,1,26,0,0,16,2,20,1,4,8,1
1.4,2999.98999,25,0,0.382832,149.1116638,112 152 74 74 1 0 0 199 ,1,0,0,19,15/02/2020 19:30:06,15/02/2020 19:30:10,18.53125,7.5299997,-0.0927734,0,106945,NONAME,      nan,      nan,      nan,      nan,      nan,0,0,0,1,31,1,0,16,2,20,0,4,8,0
1.2,2999.98999,25,0,0.3216015,126.8564224,112 152 74 74 1 0 0 199 ,1,0,0,19,15/02/2020 19:35:06,15/02/2020 19:35:10,18.5625,7.5299997,-0.0927734,0,107247,NONAME,      nan,      nan,      nan,      nan,      nan,0,0,0,1,36,1,0,16,2,20,0,5,10,0
1.2,2999.98999,25,0,0.3087109,122.1134644,112 152 74 74 1 0 0 199 ,1,0,0,19,15/02/2020 19:40:06,15/02/2020 19:40:10,18.5,7.5299997,-0.0927734,0,107548,NONAME,      nan,      nan,      nan,      nan,      nan,0,0,0,1,41,1,0,16,2,20,0,6,9,0
1.1,2999.98999,25,0,0.3087109,122.1134644,112 152 74 74 1 0 0 199 ,1,0,0,19.25,15/02/2020 19:45:06,15/02/2020 19:45:10,18.5625,7.5299997,-0.0927734,0,107850,NONAME,      nan,      nan,      nan,      nan,      nan,0,0,0,1,46,1,0,16,2,20,0,6,9,0
1.2,2999.98999,25,0,0.3667187,143.2960815,112 152 74 74 1 0 0 199 ,1,0,0,19.25,15/02/2020 19:50:03,15/02/2020 19:50:06,18.53125,7.5299997,-0.0927734,0,108147,NONAME,52.1338615,-106.631752,1.164,513.0999756,-22.6000004,0,0,0,1,50,57,0,16,2,20,1,7,9,1
1.1,2999.98999,25,0,0.3409375,133.9315491,112 152 74 74 1 0 0 199 ,1,0,0,19,15/02/2020 19:55:06,15/02/2020 19:55:09,18.53125,7.5299997,-0.0927734,0,108453,NONAME,52.1334457,-106.6314774,0.279,321.2999878,-22.6000004,0,0,0,1,56,0,0,16,2,20,1,9,9,1
1.3,2999.98999,25,0,0.3699414,144.4614105,112 152 74 74 1 0 0 199 ,1,0,0,19,15/02/2020 20:00:03,15/02/2020 20:00:06,18.5625,7.5299997,-0.0927734,0,108750,NONAME,52.1337509,-106.6315994,0.424,439.1000061,-22.6000004,0,0,0,2,0,57,0,16,2,20,1,7,9,1
1.3,2999.98999,25,0,0.3731641,145.6256256,112 152 74 74 1 0 0 199 ,1,0,0,19,15/02/2020 20:05:03,15/02/2020 20:05:06,18.4375,7.5299997,-0.0927734,0,109052,NONAME,52.1336594,-106.6315155,0.749,386.1000061,-22.6000004,0,0,0,2,5,56,0,16,2,20,1,9,9,1
1.1,2999.98999,25,0,0.3377148,132.7555237,112 152 74 74 1 0 0 199 ,1,0,0,19,15/02/2020 20:10:06,15/02/2020 20:10:10,18.53125,7.5299997,-0.0927734,0,109357,NONAME,      nan,      nan,      nan,      nan,      nan,0,0,0,2,11,1,0,16,2,20,0,6,9,0
1.2,2999.98999,25,0,0.3602734,140.9620056,112 152 74 74 1 0 0 199 ,1,0,0,19,15/02/2020 20:15:03,15/02/2020 20:15:06,18.59375,7.5299997,-0.0976562,0,109655,NONAME,52.1337967,-106.6315536,0.676,429,-22.6000004,0,0,0,2,15,56,0,16,2,20,1,7,10,1
1.1,2999.98999,25,0,0.3248242,128.0388336,112 152 74 74 1 0 0 199 ,1,0,0,19,15/02/2020 20:20:06,15/02/2020 20:20:09,18.625,7.52,-0.0927734,0,109960,NONAME,52.1337509,-106.6315765,1.091,453.5,-22.6000004,0,0,0,2,21,0,0,16,2,20,1,6,10,1
1.1,2999.98999,25,0,0.3344922,131.5782776,112 152 74 74 1 0 0 199 ,1,0,0,19,15/02/2020 20:25:06,15/02/2020 20:25:10,18.46875,7.52,-0.0927734,0,110262,NONAME,      nan,      nan,      nan,      nan,      nan,0,0,0,2,26,1,0,16,2,20,0,5,10,0
1.1,2999.98999,25,0,0.3087109,122.1134644,112 152 74 74 1 0 0 199 ,1,0,0,19,15/02/2020 20:30:06,15/02/2020 20:30:09,18.5625,7.52,-0.0927734,0,110563,NONAME,52.1339111,-106.6318054,0.666,548.2999878,-22.6000004,0,0,0,2,31,0,0,16,2,20,1,9,9,1
1.3,2999.98999,25,0,0.3699414,144.4614105,112 152 74 74 1 0 0 199 ,1,0,0,19,15/02/2020 20:35:03,15/02/2020 20:35:06,18.5625,7.52,-0.0927734,0,110861,NONAME,52.1338577,-106.6317596,0.323,499,-22.6000004,0,0,0,2,35,57,0,16,2,20,1,7,9,1
1.3,2999.98999,25,0,0.3796093,147.9507294,112 152 74 74 1 0 0 199 ,1,0,0,19,15/02/2020 20:40:03,15/02/2020 20:40:06,18.46875,7.52,-0.0927734,0,111163,NONAME,52.1338654,-106.6316223,0.551,486.3999939,-22.6000004,0,0,0,2,40,56,0,16,2,20,1,8,9,1
1.2,2999.98999,25,0,0.3441601,135.106308,112 152 74 74 1 0 0 199 ,1,0,0,19,15/02/2020 20:45:06,15/02/2020 20:45:10,18.46875,7.52,-0.0927734,0,111468,NONAME,52.1338806,-106.6316528,0.936,520.2000122,-22.6000004,0,0,0,2,46,0,0,16,2,20,1,8,1,1
1.4,2999.98999,25,0,0.3860547,150.2715302,112 152 74 74 1 0 0 199 ,1,0,0,19,15/02/2020 20:50:03,15/02/2020 20:50:06,18.5,7.52,-0.0927734,0,111765,NONAME,52.1337357,-106.6318283,0.334,493.1000061,-22.6000004,0,0,0,2,50,56,0,16,2,20,1,7,11,1
1.4,2999.98999,25,0,0.3892773,151.4303589,112 152 74 74 1 0 0 199 ,1,0,0,18.75,15/02/2020 20:55:03,15/02/2020 20:55:06,18.46875,7.52,-0.0927734,0,112067,NONAME,52.1337509,-106.631752,0.422,      nan,      nan,0,0,0,2,55,57,0,16,2,20,0,6,11,1
